Time,Node,Destination,Previous_LifeTime,New_LifeTime,Previous_NextHop,New_NextHop,Previous_HopCount,New_HopCount
30.004394046562,node[14],10.0.0.9,33.004394046562,35.524394046562,10.0.0.9,10.0.0.9,1,1
30.004394193975,node[32],10.0.0.9,33.004394193975,35.524394193975,10.0.0.9,10.0.0.9,1,1
30.004394230017,node[96],10.0.0.9,33.004394230017,35.524394230017,10.0.0.9,10.0.0.9,1,1
30.004394266877,node[20],10.0.0.9,33.004394266877,35.524394266877,10.0.0.9,10.0.0.9,1,1
30.004394273005,node[7],10.0.0.9,33.004394273005,35.524394273005,10.0.0.9,10.0.0.9,1,1
30.004394280344,node[36],10.0.0.9,33.004394280344,35.524394280344,10.0.0.9,10.0.0.9,1,1
30.321467599936,node[14],10.0.0.9,35.524394046562,33.321467599936,10.0.0.9,10.0.0.9,1,1
30.321467599936,node[14],10.0.0.9,33.321467599936,35.841467599936,10.0.0.9,10.0.0.9,1,1
30.321467747349,node[32],10.0.0.9,35.524394193975,33.321467747349,10.0.0.9,10.0.0.9,1,1
30.321467747349,node[32],10.0.0.9,33.321467747349,35.841467747349,10.0.0.9,10.0.0.9,1,1
30.321467783391,node[96],10.0.0.9,35.524394230017,33.321467783391,10.0.0.9,10.0.0.9,1,1
30.321467783391,node[96],10.0.0.9,33.321467783391,35.841467783391,10.0.0.9,10.0.0.9,1,1
30.321467820251,node[20],10.0.0.9,35.524394266877,33.321467820251,10.0.0.9,10.0.0.9,1,1
30.321467820251,node[20],10.0.0.9,33.321467820251,35.841467820251,10.0.0.9,10.0.0.9,1,1
30.321467826379,node[7],10.0.0.9,35.524394273005,33.321467826379,10.0.0.9,10.0.0.9,1,1
30.321467826379,node[7],10.0.0.9,33.321467826379,35.841467826379,10.0.0.9,10.0.0.9,1,1
30.321467833718,node[36],10.0.0.9,35.524394280344,33.321467833718,10.0.0.9,10.0.0.9,1,1
30.321467833718,node[36],10.0.0.9,33.321467833718,35.841467833718,10.0.0.9,10.0.0.9,1,1
30.323971875852,node[39],10.0.10.8,33.006420345162,33.323971875852,10.0.10.8,10.0.10.8,1,1
30.323971875852,node[39],10.0.0.9,35.446420345162,35.763971875852,10.0.10.8,10.0.10.8,2,2
30.324238434093,node[95],10.0.2.55,33.007728041677,33.324238434093,10.0.2.55,10.0.2.55,1,1
30.324238434093,node[95],10.0.0.9,35.44642044004,35.764238434093,10.0.10.8,10.0.2.55,2,2
30.3242384849,node[32],10.0.2.55,33.007728092484,33.3242384849,10.0.2.55,10.0.2.55,1,1
30.324238547933,node[31],10.0.2.55,33.007728155517,33.324238547933,10.0.2.55,10.0.2.55,1,1
30.324238547933,node[31],10.0.0.9,35.446420726482,35.764238547933,10.0.10.8,10.0.2.55,2,2
30.324238552417,node[36],10.0.2.55,33.007728160001,33.324238552417,10.0.2.55,10.0.2.55,1,1
30.324238670739,node[39],10.0.2.55,33.007728278323,33.324238670739,10.0.2.55,10.0.2.55,1,1
30.324238680902,rsu[0],10.0.2.55,33.007728288486,33.324238680902,10.0.2.55,10.0.2.55,1,1
30.328256534227,node[17],10.0.0.9,35.446420576633,35.688256534227,10.0.10.8,10.0.10.215,2,3
30.328256675395,node[46],10.0.0.9,35.446420746807,35.688256675395,10.0.10.8,10.0.10.215,2,3
30.802472358663,node[14],10.0.0.9,35.841467599936,33.802472358663,10.0.0.9,10.0.0.9,1,1
30.802472358663,node[14],10.0.0.9,33.802472358663,36.322472358663,10.0.0.9,10.0.0.9,1,1
30.802472506076,node[32],10.0.0.9,35.841467747349,33.802472506076,10.0.0.9,10.0.0.9,1,1
30.802472506076,node[32],10.0.0.9,33.802472506076,36.322472506076,10.0.0.9,10.0.0.9,1,1
30.802472542118,node[96],10.0.0.9,35.841467783391,33.802472542118,10.0.0.9,10.0.0.9,1,1
30.802472542118,node[96],10.0.0.9,33.802472542118,36.322472542118,10.0.0.9,10.0.0.9,1,1
30.802472578978,node[20],10.0.0.9,35.841467820251,33.802472578978,10.0.0.9,10.0.0.9,1,1
30.802472578978,node[20],10.0.0.9,33.802472578978,36.322472578978,10.0.0.9,10.0.0.9,1,1
30.802472585106,node[7],10.0.0.9,35.841467826379,33.802472585106,10.0.0.9,10.0.0.9,1,1
30.802472585106,node[7],10.0.0.9,33.802472585106,36.322472585106,10.0.0.9,10.0.0.9,1,1
30.802472592445,node[36],10.0.0.9,35.841467833718,33.802472592445,10.0.0.9,10.0.0.9,1,1
30.802472592445,node[36],10.0.0.9,33.802472592445,36.322472592445,10.0.0.9,10.0.0.9,1,1
30.804884251794,node[7],10.0.8.244,33.006674222212,33.804884251794,10.0.8.244,10.0.8.244,1,1
30.804884368766,rsu[0],10.0.8.244,33.006674339184,33.804884368766,10.0.8.244,10.0.8.244,1,1
30.804884370641,node[24],10.0.8.244,33.006674341059,33.804884370641,10.0.8.244,10.0.8.244,1,1
30.804884370641,node[24],10.0.0.9,35.446674341059,36.244884370641,10.0.8.244,10.0.8.244,2,2
30.805179338641,node[4],10.0.5.184,33.00761645762,33.805179338641,10.0.5.184,10.0.5.184,1,1
30.805179338641,node[4],10.0.0.9,35.44761645762,36.245179338641,10.0.5.184,10.0.5.184,2,2
30.805179393437,node[36],10.0.5.184,33.007616512416,33.805179393437,10.0.5.184,10.0.5.184,1,1
30.805179406424,node[17],10.0.5.184,33.007616525403,33.805179406424,10.0.5.184,10.0.5.184,1,1
30.805179406424,node[17],10.0.0.9,35.688256534227,36.245179406424,10.0.10.215,10.0.5.184,3,2
30.80517943454,node[39],10.0.5.184,33.007616553519,33.80517943454,10.0.5.184,10.0.5.184,1,1
30.80517943454,node[39],10.0.0.9,35.763971875852,36.24517943454,10.0.10.8,10.0.5.184,2,2
30.805179497453,node[96],10.0.5.184,33.007616616432,33.805179497453,10.0.5.184,10.0.5.184,1,1
30.805179505158,rsu[0],10.0.5.184,33.007616624137,33.805179505158,10.0.5.184,10.0.5.184,1,1
30.80597114639,node[39],10.0.10.8,33.323971875852,33.80597114639,10.0.10.8,10.0.10.8,1,1
30.805971241268,node[95],10.0.10.8,33.00642044004,33.805971241268,10.0.10.8,10.0.10.8,1,1
30.805971241268,node[95],10.0.0.9,35.764238434093,36.245971241268,10.0.2.55,10.0.10.8,2,2
30.805971377861,node[17],10.0.10.8,33.006420576633,33.805971377861,10.0.10.8,10.0.10.8,1,1
30.805971406534,node[7],10.0.10.8,33.006420605306,33.805971406534,10.0.10.8,10.0.10.8,1,1
30.80597141717,node[20],10.0.10.8,33.006420615942,33.80597141717,10.0.10.8,10.0.10.8,1,1
30.80597152771,node[31],10.0.10.8,33.006420726482,33.80597152771,10.0.10.8,10.0.10.8,1,1
30.80597152771,node[31],10.0.0.9,35.764238547933,36.24597152771,10.0.2.55,10.0.10.8,2,2
30.805971542358,rsu[0],10.0.10.8,33.00642074113,33.805971542358,10.0.10.8,10.0.10.8,1,1
30.805971548035,node[46],10.0.10.8,33.006420746807,33.805971548035,10.0.10.8,10.0.10.8,1,1
30.805971548035,node[46],10.0.0.9,35.688256675395,36.245971548035,10.0.10.215,10.0.10.8,3,2
30.806133642392,node[39],10.0.4.233,33.329062552645,33.806133642392,10.0.4.233,10.0.4.233,1,1
30.806133747227,node[46],10.0.4.233,33.32906265748,33.806133747227,10.0.4.233,10.0.4.233,1,1
30.806133765609,node[36],10.0.4.233,33.329062675862,33.806133765609,10.0.4.233,10.0.4.233,1,1
30.806133817905,node[20],10.0.4.233,33.329062728158,33.806133817905,10.0.4.233,10.0.4.233,1,1
30.806133913126,node[98],10.0.4.233,33.329062823379,33.806133913126,10.0.4.233,10.0.4.233,1,1
30.806133913126,node[98],10.0.0.9,35.609062823379,36.166133913126,10.0.4.233,10.0.4.233,4,3
30.80613392907,node[95],10.0.4.233,33.329062839323,33.80613392907,10.0.4.233,10.0.4.233,1,1
30.807970456958,node[36],10.0.10.215,33.328256425973,33.807970456958,10.0.10.215,10.0.10.215,1,1
30.807970565212,node[17],10.0.10.215,33.328256534227,33.807970565212,10.0.10.215,10.0.10.215,1,1
30.807970590651,node[95],10.0.10.215,33.328256559666,33.807970590651,10.0.10.215,10.0.10.215,1,1
30.80797070638,node[46],10.0.10.215,33.328256675395,33.80797070638,10.0.10.215,10.0.10.215,1,1
30.807970768841,node[20],10.0.10.215,33.328256737856,33.807970768841,10.0.10.215,10.0.10.215,1,1
30.807970835424,node[7],10.0.10.215,33.328256804439,33.807970835424,10.0.10.215,10.0.10.215,1,1
30.807970843122,node[31],10.0.10.215,33.328256812137,33.807970843122,10.0.10.215,10.0.10.215,1,1
30.808684972391,node[3],10.0.8.175,33.324778397458,33.808684972391,10.0.8.175,10.0.8.175,1,1
30.808684972391,node[3],10.0.0.9,35.684778397458,36.168684972391,10.0.8.175,10.0.8.175,3,3
30.811849636928,node[51],10.0.1.35,33.324983675379,33.811849636928,10.0.1.35,10.0.1.35,1,1
30.811849636928,node[51],10.0.0.9,35.684778582958,36.091849636928,10.0.8.175,10.0.1.35,3,4
30.811849654043,node[31],10.0.1.35,33.324983692494,33.811849654043,10.0.1.35,10.0.1.35,1,1
30.811849657458,node[74],10.0.1.35,33.324983695909,33.811849657458,10.0.1.35,10.0.1.35,1,1
30.811849657458,node[74],10.0.0.9,35.684778552289,36.091849657458,10.0.8.175,10.0.1.35,3,4
30.811849713678,node[92],10.0.1.35,33.324983752129,33.811849713678,10.0.1.35,10.0.1.35,1,1
30.811849713678,node[92],10.0.0.9,35.684778660107,36.091849713678,10.0.8.175,10.0.1.35,3,4
30.811849783807,node[62],10.0.1.35,33.324983822258,33.811849783807,10.0.1.35,10.0.1.35,1,1
30.811849783807,node[62],10.0.0.9,35.684778607887,36.091849783807,10.0.8.175,10.0.1.35,3,4
30.81184984401,node[61],10.0.1.35,33.324983882461,33.81184984401,10.0.1.35,10.0.1.35,1,1
30.81184984401,node[61],10.0.0.9,35.684778661067,36.09184984401,10.0.8.175,10.0.1.35,3,4
30.811849846589,node[67],10.0.1.35,33.32498388504,33.811849846589,10.0.1.35,10.0.1.35,1,1
30.811849846589,node[67],10.0.0.9,35.60498388504,36.091849846589,10.0.1.35,10.0.1.35,4,4
30.8118499401,node[95],10.0.1.35,33.324983978551,33.8118499401,10.0.1.35,10.0.1.35,1,1
31.440405440546,node[14],10.0.0.9,36.322472358663,34.440405440546,10.0.0.9,10.0.0.9,1,1
31.440405440546,node[14],10.0.0.9,34.440405440546,36.960405440546,10.0.0.9,10.0.0.9,1,1
31.440405493114,node[102],10.0.0.9,34.440405493114,36.960405493114,10.0.0.9,10.0.0.9,1,1
31.440405595107,node[32],10.0.0.9,36.322472506076,34.440405595107,10.0.0.9,10.0.0.9,1,1
31.440405595107,node[32],10.0.0.9,34.440405595107,36.960405595107,10.0.0.9,10.0.0.9,1,1
31.440405628783,node[96],10.0.0.9,36.322472542118,34.440405628783,10.0.0.9,10.0.0.9,1,1
31.440405628783,node[96],10.0.0.9,34.440405628783,36.960405628783,10.0.0.9,10.0.0.9,1,1
31.440405666216,node[7],10.0.0.9,36.322472585106,34.440405666216,10.0.0.9,10.0.0.9,1,1
31.440405666216,node[7],10.0.0.9,34.440405666216,36.960405666216,10.0.0.9,10.0.0.9,1,1
31.440405668273,node[20],10.0.0.9,36.322472578978,34.440405668273,10.0.0.9,10.0.0.9,1,1
31.440405668273,node[20],10.0.0.9,34.440405668273,36.960405668273,10.0.0.9,10.0.0.9,1,1
31.440405673197,node[36],10.0.0.9,36.322472592445,34.440405673197,10.0.0.9,10.0.0.9,1,1
31.440405673197,node[36],10.0.0.9,34.440405673197,36.960405673197,10.0.0.9,10.0.0.9,1,1
31.441364588345,node[4],10.0.5.184,33.805179338641,34.441364588345,10.0.5.184,10.0.5.184,1,1
31.441364588345,node[4],10.0.0.9,36.245179338641,36.881364588345,10.0.5.184,10.0.5.184,2,2
31.44136464701,node[36],10.0.5.184,33.805179393437,34.44136464701,10.0.5.184,10.0.5.184,1,1
31.441364654862,node[17],10.0.5.184,33.805179406424,34.441364654862,10.0.5.184,10.0.5.184,1,1
31.441364654862,node[17],10.0.0.9,36.245179406424,36.881364654862,10.0.5.184,10.0.5.184,2,2
31.441364687952,node[39],10.0.5.184,33.80517943454,34.441364687952,10.0.5.184,10.0.5.184,1,1
31.441364687952,node[39],10.0.0.9,36.24517943454,36.881364687952,10.0.5.184,10.0.5.184,2,2
31.441364748983,node[96],10.0.5.184,33.805179497453,34.441364748983,10.0.5.184,10.0.5.184,1,1
31.441364757145,rsu[0],10.0.5.184,33.805179505158,34.441364757145,10.0.5.184,10.0.5.184,1,1
31.441565802549,node[39],10.0.10.8,33.80597114639,34.441565802549,10.0.10.8,10.0.10.8,1,1
31.441565900702,node[95],10.0.10.8,33.805971241268,34.441565900702,10.0.10.8,10.0.10.8,1,1
31.441565900702,node[95],10.0.0.9,36.245971241268,36.881565900702,10.0.10.8,10.0.10.8,2,2
31.441566032943,node[17],10.0.10.8,33.805971377861,34.441566032943,10.0.10.8,10.0.10.8,1,1
31.441566056347,node[7],10.0.10.8,33.805971406534,34.441566056347,10.0.10.8,10.0.10.8,1,1
31.441566077816,node[20],10.0.10.8,33.80597141717,34.441566077816,10.0.10.8,10.0.10.8,1,1
31.441566188541,node[31],10.0.10.8,33.80597152771,34.441566188541,10.0.10.8,10.0.10.8,1,1
31.441566188541,node[31],10.0.0.9,36.24597152771,36.881566188541,10.0.10.8,10.0.10.8,2,2
31.441566192875,rsu[0],10.0.10.8,33.805971542358,34.441566192875,10.0.10.8,10.0.10.8,1,1
31.442113510637,node[96],10.0.1.104,33.808193720951,34.442113510637,10.0.1.104,10.0.1.104,1,1
31.442113523259,node[35],10.0.1.104,33.808193748646,34.442113523259,10.0.1.104,10.0.1.104,1,1
31.442113523259,node[35],10.0.0.9,36.168193748646,36.802113523259,10.0.1.104,10.0.1.104,3,3
31.442113534752,node[10],10.0.1.104,33.80819375132,34.442113534752,10.0.1.104,10.0.1.104,1,1
31.442113534752,node[10],10.0.0.9,36.16819375132,36.802113534752,10.0.1.104,10.0.1.104,3,3
31.442113591978,node[20],10.0.1.104,33.808193809858,34.442113591978,10.0.1.104,10.0.1.104,1,1
31.442409690356,node[35],10.0.3.6,33.808973870621,34.442409690356,10.0.3.6,10.0.3.6,1,1
31.442409906634,node[96],10.0.3.6,33.808974086697,34.442409906634,10.0.3.6,10.0.3.6,1,1
31.442409922731,node[70],10.0.3.6,33.808974106565,34.442409922731,10.0.3.6,10.0.3.6,1,1
31.442409922731,node[70],10.0.0.9,36.088974106565,36.722409922731,10.0.3.6,10.0.3.6,4,4
31.442409976795,node[4],10.0.3.6,33.808974155909,34.442409976795,10.0.3.6,10.0.3.6,1,1
31.442410202142,node[40],10.0.3.6,33.808974379897,34.442410202142,10.0.3.6,10.0.3.6,1,1
31.442410202142,node[40],10.0.0.9,36.088974379897,36.722410202142,10.0.3.6,10.0.3.6,4,4
31.443045985239,node[36],10.0.10.215,33.807970456958,34.443045985239,10.0.10.215,10.0.10.215,1,1
31.443046094233,node[17],10.0.10.215,33.807970565212,34.443046094233,10.0.10.215,10.0.10.215,1,1
31.443046119885,node[95],10.0.10.215,33.807970590651,34.443046119885,10.0.10.215,10.0.10.215,1,1
31.443046239889,node[46],10.0.10.215,33.80797070638,34.443046239889,10.0.10.215,10.0.10.215,1,1
31.443046239889,node[46],10.0.0.9,36.245971548035,36.803046239889,10.0.10.8,10.0.10.215,2,3
31.443046301448,node[20],10.0.10.215,33.807970768841,34.443046301448,10.0.10.215,10.0.10.215,1,1
31.443046355272,node[7],10.0.10.215,33.807970835424,34.443046355272,10.0.10.215,10.0.10.215,1,1
31.443046370019,node[31],10.0.10.215,33.807970843122,34.443046370019,10.0.10.215,10.0.10.215,1,1
31.443488949924,node[3],10.0.8.175,33.808684972391,34.443488949924,10.0.8.175,10.0.8.175,1,1
31.443488949924,node[3],10.0.0.9,36.168684972391,36.803488949924,10.0.8.175,10.0.8.175,3,3
31.443489032477,node[95],10.0.8.175,33.324778482042,34.443489032477,10.0.8.175,10.0.8.175,1,1
31.443489100643,node[74],10.0.8.175,33.324778552289,34.443489100643,10.0.8.175,10.0.8.175,1,1
31.443489100643,node[74],10.0.0.9,36.091849657458,36.803489100643,10.0.1.35,10.0.8.175,4,3
31.443489121993,node[51],10.0.8.175,33.324778582958,34.443489121993,10.0.8.175,10.0.8.175,1,1
31.443489121993,node[51],10.0.0.9,36.091849636928,36.803489121993,10.0.1.35,10.0.8.175,4,3
31.443489156129,node[62],10.0.8.175,33.324778607887,34.443489156129,10.0.8.175,10.0.8.175,1,1
31.443489156129,node[62],10.0.0.9,36.091849783807,36.803489156129,10.0.1.35,10.0.8.175,4,3
31.443489163641,node[7],10.0.8.175,33.324778606355,34.443489163641,10.0.8.175,10.0.8.175,1,1
31.443489200118,node[92],10.0.8.175,33.324778660107,34.443489200118,10.0.8.175,10.0.8.175,1,1
31.443489200118,node[92],10.0.0.9,36.091849713678,36.803489200118,10.0.1.35,10.0.8.175,4,3
31.443489209079,node[61],10.0.8.175,33.324778661067,34.443489209079,10.0.8.175,10.0.8.175,1,1
31.443489209079,node[61],10.0.0.9,36.09184984401,36.803489209079,10.0.1.35,10.0.8.175,4,3
31.443489282727,node[39],10.0.8.175,33.324778736859,34.443489282727,10.0.8.175,10.0.8.175,1,1
31.443489283939,node[36],10.0.8.175,33.324778732015,34.443489283939,10.0.8.175,10.0.8.175,1,1
31.443775650072,node[7],10.0.8.244,33.804884251794,34.443775650072,10.0.8.244,10.0.8.244,1,1
31.443775763043,rsu[0],10.0.8.244,33.804884368766,34.443775763043,10.0.8.244,10.0.8.244,1,1
31.443775767733,node[24],10.0.8.244,33.804884370641,34.443775767733,10.0.8.244,10.0.8.244,1,1
31.443775767733,node[24],10.0.0.9,36.244884370641,36.883775767733,10.0.8.244,10.0.8.244,2,2
31.443977260229,rsu[0],10.0.4.26,33.008734623711,34.443977260229,10.0.4.26,10.0.4.26,1,1
31.443977361419,node[96],10.0.4.26,33.008734728757,34.443977361419,10.0.4.26,10.0.4.26,1,1
31.4439774761,node[50],10.0.4.26,33.008734834046,34.4439774761,10.0.4.26,10.0.4.26,1,1
31.4439774761,node[50],10.0.0.9,35.448734834046,36.8839774761,10.0.4.26,10.0.4.26,2,2
31.444093940474,node[95],10.0.2.55,33.324238434093,34.444093940474,10.0.2.55,10.0.2.55,1,1
31.444094004876,node[32],10.0.2.55,33.3242384849,34.444094004876,10.0.2.55,10.0.2.55,1,1
31.444094059409,node[36],10.0.2.55,33.324238552417,34.444094059409,10.0.2.55,10.0.2.55,1,1
31.444094071305,node[31],10.0.2.55,33.324238547933,34.444094071305,10.0.2.55,10.0.2.55,1,1
31.444094175644,node[39],10.0.2.55,33.324238670739,34.444094175644,10.0.2.55,10.0.2.55,1,1
31.444094188956,rsu[0],10.0.2.55,33.324238680902,34.444094188956,10.0.2.55,10.0.2.55,1,1
31.444637764411,node[67],10.0.0.9,36.091849846589,36.724637764411,10.0.1.35,10.0.14.19,4,4
31.445068535615,node[10],10.0.9.195,33.811139946823,34.445068535615,10.0.9.195,10.0.9.195,1,1
31.445068769227,node[96],10.0.9.195,33.811140185737,34.445068769227,10.0.9.195,10.0.9.195,1,1
31.445068785362,node[70],10.0.9.195,33.811140194019,34.445068785362,10.0.9.195,10.0.9.195,1,1
31.445068810561,node[4],10.0.9.195,33.811140229437,34.445068810561,10.0.9.195,10.0.9.195,1,1
31.445069050459,node[40],10.0.9.195,33.811140451133,34.445069050459,10.0.9.195,10.0.9.195,1,1
31.445222350089,node[39],10.0.4.233,33.806133642392,34.445222350089,10.0.4.233,10.0.4.233,1,1
31.445222453317,node[46],10.0.4.233,33.806133747227,34.445222453317,10.0.4.233,10.0.4.233,1,1
31.445222471489,node[36],10.0.4.233,33.806133765609,34.445222471489,10.0.4.233,10.0.4.233,1,1
31.445222524214,node[20],10.0.4.233,33.806133817905,34.445222524214,10.0.4.233,10.0.4.233,1,1
31.445222617555,node[98],10.0.4.233,33.806133913126,34.445222617555,10.0.4.233,10.0.4.233,1,1
31.445222617555,node[98],10.0.0.9,36.166133913126,36.805222617555,10.0.4.233,10.0.4.233,3,3
31.445222636968,node[95],10.0.4.233,33.80613392907,34.445222636968,10.0.4.233,10.0.4.233,1,1
31.445685836169,node[44],10.0.11.28,33.812163315692,34.445685836169,10.0.11.28,10.0.11.28,1,1
31.445685836169,node[44],10.0.0.9,36.012163315692,36.645685836169,10.0.11.28,10.0.11.28,5,5
31.445685854535,node[64],10.0.11.28,33.812163342299,34.445685854535,10.0.11.28,10.0.11.28,1,1
31.445685854535,node[64],10.0.0.9,36.012163342299,36.645685854535,10.0.11.28,10.0.11.28,5,5
31.445685854556,node[63],10.0.11.28,33.812163342824,34.445685854556,10.0.11.28,10.0.11.28,1,1
31.445685854556,node[63],10.0.0.9,36.012163342824,36.645685854556,10.0.11.28,10.0.11.28,5,5
31.445685886028,node[76],10.0.11.28,33.812163373712,34.445685886028,10.0.11.28,10.0.11.28,1,1
31.445685886028,node[76],10.0.0.9,36.012163373712,36.645685886028,10.0.11.28,10.0.11.28,5,5
31.445685914535,node[70],10.0.11.28,33.81216339351,34.445685914535,10.0.11.28,10.0.11.28,1,1
31.445685961787,node[1],10.0.11.28,33.812163441243,34.445685961787,10.0.11.28,10.0.11.28,1,1
31.445685961787,node[1],10.0.0.9,36.012163441243,36.645685961787,10.0.11.28,10.0.11.28,5,5
31.44568602803,node[93],10.0.11.28,33.812163505861,34.44568602803,10.0.11.28,10.0.11.28,1,1
31.44568602803,node[93],10.0.0.9,36.012163505861,36.64568602803,10.0.11.28,10.0.11.28,5,5
31.445686040825,node[43],10.0.11.28,33.812163515516,34.445686040825,10.0.11.28,10.0.11.28,1,1
31.445686040825,node[43],10.0.0.9,36.012163515516,36.645686040825,10.0.11.28,10.0.11.28,5,5
31.445686055332,node[11],10.0.11.28,33.8121635303,34.445686055332,10.0.11.28,10.0.11.28,1,1
31.445686055332,node[11],10.0.0.9,36.0121635303,36.645686055332,10.0.11.28,10.0.11.28,5,5
31.44568611267,node[10],10.0.11.28,33.812163587601,34.44568611267,10.0.11.28,10.0.11.28,1,1
31.445686115728,node[35],10.0.11.28,33.812163582635,34.445686115728,10.0.11.28,10.0.11.28,1,1
31.446584987314,node[1],10.0.11.235,33.814065154267,34.446584987314,10.0.11.235,10.0.11.235,1,1
31.446585093469,node[63],10.0.11.235,33.814065250058,34.446585093469,10.0.11.235,10.0.11.235,1,1
31.446585139005,node[44],10.0.11.235,33.814065304465,34.446585139005,10.0.11.235,10.0.11.235,1,1
31.446585220195,node[53],10.0.11.235,33.814065394062,34.446585220195,10.0.11.235,10.0.11.235,1,1
31.446585220195,node[53],10.0.0.9,35.934065394062,36.566585220195,10.0.11.235,10.0.11.235,6,6
31.446585246484,node[93],10.0.11.235,33.814065408842,34.446585246484,10.0.11.235,10.0.11.235,1,1
31.446585357174,node[40],10.0.11.235,33.814065520652,34.446585357174,10.0.11.235,10.0.11.235,1,1
31.446857074687,node[51],10.0.1.35,33.811849636928,34.446857074687,10.0.1.35,10.0.1.35,1,1
31.4468570994,node[74],10.0.1.35,33.811849657458,34.4468570994,10.0.1.35,10.0.1.35,1,1
31.446857109035,node[31],10.0.1.35,33.811849654043,34.446857109035,10.0.1.35,10.0.1.35,1,1
31.446857151776,node[92],10.0.1.35,33.811849713678,34.446857151776,10.0.1.35,10.0.1.35,1,1
31.446857226199,node[62],10.0.1.35,33.811849783807,34.446857226199,10.0.1.35,10.0.1.35,1,1
31.446857288543,node[67],10.0.1.35,33.811849846589,34.446857288543,10.0.1.35,10.0.1.35,1,1
31.446857301619,node[61],10.0.1.35,33.81184984401,34.446857301619,10.0.1.35,10.0.1.35,1,1
31.446857398721,node[95],10.0.1.35,33.8118499401,34.446857398721,10.0.1.35,10.0.1.35,1,1
31.447012117339,node[1],10.0.12.48,33.815676570426,34.447012117339,10.0.12.48,10.0.12.48,1,1
31.447012138457,node[63],10.0.12.48,33.815676603611,34.447012138457,10.0.12.48,10.0.12.48,1,1
31.447012214357,node[43],10.0.12.48,33.81567666662,34.447012214357,10.0.12.48,10.0.12.48,1,1
31.44701222787,node[40],10.0.12.48,33.815676682983,34.44701222787,10.0.12.48,10.0.12.48,1,1
31.447480346411,node[76],10.0.3.75,33.815333091085,34.447480346411,10.0.3.75,10.0.3.75,1,1
31.447480364611,node[64],10.0.3.75,33.815333109044,34.447480364611,10.0.3.75,10.0.3.75,1,1
31.447945353996,node[17],10.0.12.186,33.332711105487,34.447945353996,10.0.12.186,10.0.12.186,1,1
31.447945396424,node[39],10.0.12.186,33.33271114182,34.447945396424,10.0.12.186,10.0.12.186,1,1
31.447945474387,node[25],10.0.12.186,33.332711214804,34.447945474387,10.0.12.186,10.0.12.186,1,1
31.447945474387,node[25],10.0.0.9,35.612711214804,36.727945474387,10.0.12.186,10.0.12.186,4,4
31.447945484136,node[75],10.0.12.186,33.332711233851,34.447945484136,10.0.12.186,10.0.12.186,1,1
31.447945484136,node[75],10.0.0.9,35.612711233851,36.727945484136,10.0.12.186,10.0.12.186,4,4
31.447945533552,node[61],10.0.12.186,33.332711277116,34.447945533552,10.0.12.186,10.0.12.186,1,1
31.447945534625,node[28],10.0.12.186,33.33271127854,34.447945534625,10.0.12.186,10.0.12.186,1,1
31.447945534625,node[28],10.0.0.9,35.61271127854,36.727945534625,10.0.12.186,10.0.12.186,4,4
31.448907610874,node[43],10.0.0.153,33.814517290432,34.448907610874,10.0.0.153,10.0.0.153,1,1
31.448907665547,node[44],10.0.0.153,33.814517344436,34.448907665547,10.0.0.153,10.0.0.153,1,1
31.448907675211,node[63],10.0.0.153,33.814517357982,34.448907675211,10.0.0.153,10.0.0.153,1,1
31.448907896781,node[93],10.0.0.153,33.814517580029,34.448907896781,10.0.0.153,10.0.0.153,1,1
31.448907901696,node[40],10.0.0.153,33.814517582544,34.448907901696,10.0.0.153,10.0.0.153,1,1
31.448907936965,node[53],10.0.0.153,33.814517620157,34.448907936965,10.0.0.153,10.0.0.153,1,1
31.455867971551,node[71],10.0.0.9,35.935333381947,36.575867971551,10.0.3.75,10.0.10.77,6,6
32.241492900839,node[14],10.0.0.9,36.960405440546,35.241492900839,10.0.0.9,10.0.0.9,1,1
32.241492900839,node[14],10.0.0.9,35.241492900839,37.761492900839,10.0.0.9,10.0.0.9,1,1
32.24149295328,node[102],10.0.0.9,36.960405493114,35.24149295328,10.0.0.9,10.0.0.9,1,1
32.24149295328,node[102],10.0.0.9,35.24149295328,37.76149295328,10.0.0.9,10.0.0.9,1,1
32.241493062582,node[32],10.0.0.9,36.960405595107,35.241493062582,10.0.0.9,10.0.0.9,1,1
32.241493062582,node[32],10.0.0.9,35.241493062582,37.761493062582,10.0.0.9,10.0.0.9,1,1
32.241493093892,node[96],10.0.0.9,36.960405628783,35.241493093892,10.0.0.9,10.0.0.9,1,1
32.241493093892,node[96],10.0.0.9,35.241493093892,37.761493093892,10.0.0.9,10.0.0.9,1,1
32.241493125697,node[7],10.0.0.9,36.960405666216,35.241493125697,10.0.0.9,10.0.0.9,1,1
32.241493125697,node[7],10.0.0.9,35.241493125697,37.761493125697,10.0.0.9,10.0.0.9,1,1
32.241493132356,node[36],10.0.0.9,36.960405673197,35.241493132356,10.0.0.9,10.0.0.9,1,1
32.241493132356,node[36],10.0.0.9,35.241493132356,37.761493132356,10.0.0.9,10.0.0.9,1,1
32.241493135997,node[20],10.0.0.9,36.960405668273,35.241493135997,10.0.0.9,10.0.0.9,1,1
32.241493135997,node[20],10.0.0.9,35.241493135997,37.761493135997,10.0.0.9,10.0.0.9,1,1
32.24165496555,node[102],10.0.4.26,34.443977009593,35.24165496555,10.0.4.26,10.0.4.26,1,1
32.241655208858,rsu[0],10.0.4.26,34.443977260229,35.241655208858,10.0.4.26,10.0.4.26,1,1
32.241655306372,node[96],10.0.4.26,34.443977361419,35.241655306372,10.0.4.26,10.0.4.26,1,1
32.241655430211,node[50],10.0.4.26,34.4439774761,35.241655430211,10.0.4.26,10.0.4.26,1,1
32.241655430211,node[50],10.0.0.9,36.8839774761,37.681655430211,10.0.4.26,10.0.4.26,2,2
32.242256277204,node[39],10.0.10.8,34.441565802549,35.242256277204,10.0.10.8,10.0.10.8,1,1
32.242256277204,node[39],10.0.0.9,36.881364687952,37.682256277204,10.0.5.184,10.0.10.8,2,2
32.24225637564,node[95],10.0.10.8,34.441565900702,35.24225637564,10.0.10.8,10.0.10.8,1,1
32.24225637564,node[95],10.0.0.9,36.881565900702,37.68225637564,10.0.10.8,10.0.10.8,2,2
32.242256507582,node[17],10.0.10.8,34.441566032943,35.242256507582,10.0.10.8,10.0.10.8,1,1
32.242256507582,node[17],10.0.0.9,36.881364654862,37.682256507582,10.0.5.184,10.0.10.8,2,2
32.242256521724,node[7],10.0.10.8,34.441566056347,35.242256521724,10.0.10.8,10.0.10.8,1,1
32.242256558518,node[20],10.0.10.8,34.441566077816,35.242256558518,10.0.10.8,10.0.10.8,1,1
32.242256661202,rsu[0],10.0.10.8,34.441566192875,35.242256661202,10.0.10.8,10.0.10.8,1,1
32.242256665264,node[31],10.0.10.8,34.441566188541,35.242256665264,10.0.10.8,10.0.10.8,1,1
32.242256665264,node[31],10.0.0.9,36.881566188541,37.682256665264,10.0.10.8,10.0.10.8,2,2
32.243276728934,node[39],10.0.4.233,34.445222350089,35.243276728934,10.0.4.233,10.0.4.233,1,1
32.243276830778,node[46],10.0.4.233,34.445222453317,35.243276830778,10.0.4.233,10.0.4.233,1,1
32.243276830778,node[46],10.0.0.9,36.803046239889,37.603276830778,10.0.10.215,10.0.4.233,3,3
32.243276850315,node[36],10.0.4.233,34.445222471489,35.243276850315,10.0.4.233,10.0.4.233,1,1
32.243276901838,node[20],10.0.4.233,34.445222524214,35.243276901838,10.0.4.233,10.0.4.233,1,1
32.243276992941,node[98],10.0.4.233,34.445222617555,35.243276992941,10.0.4.233,10.0.4.233,1,1
32.243276992941,node[98],10.0.0.9,36.805222617555,37.603276992941,10.0.4.233,10.0.4.233,3,3
32.243277016013,node[95],10.0.4.233,34.445222636968,35.243277016013,10.0.4.233,10.0.4.233,1,1
32.243684083564,node[36],10.0.10.215,34.443045985239,35.243684083564,10.0.10.215,10.0.10.215,1,1
32.243684192561,node[17],10.0.10.215,34.443046094233,35.243684192561,10.0.10.215,10.0.10.215,1,1
32.243684218425,node[95],10.0.10.215,34.443046119885,35.243684218425,10.0.10.215,10.0.10.215,1,1
32.243684342859,node[46],10.0.10.215,34.443046239889,35.243684342859,10.0.10.215,10.0.10.215,1,1
32.243684403494,node[20],10.0.10.215,34.443046301448,35.243684403494,10.0.10.215,10.0.10.215,1,1
32.243684444432,node[7],10.0.10.215,34.443046355272,35.243684444432,10.0.10.215,10.0.10.215,1,1
32.243684466544,node[31],10.0.10.215,34.443046370019,35.243684466544,10.0.10.215,10.0.10.215,1,1
32.24434998129,node[3],10.0.8.175,34.443488949924,35.24434998129,10.0.8.175,10.0.8.175,1,1
32.24434998129,node[3],10.0.0.9,36.803488949924,37.60434998129,10.0.8.175,10.0.8.175,3,3
32.244350062124,node[95],10.0.8.175,34.443489032477,35.244350062124,10.0.8.175,10.0.8.175,1,1
32.24435012762,node[74],10.0.8.175,34.443489100643,35.24435012762,10.0.8.175,10.0.8.175,1,1
32.24435012762,node[74],10.0.0.9,36.803489100643,37.60435012762,10.0.8.175,10.0.8.175,3,3
32.244350139699,node[51],10.0.8.175,34.443489121993,35.244350139699,10.0.8.175,10.0.8.175,1,1
32.244350139699,node[51],10.0.0.9,36.803489121993,37.604350139699,10.0.8.175,10.0.8.175,3,3
32.244350182995,node[62],10.0.8.175,34.443489156129,35.244350182995,10.0.8.175,10.0.8.175,1,1
32.244350182995,node[62],10.0.0.9,36.803489156129,37.604350182995,10.0.8.175,10.0.8.175,3,3
32.244350199559,node[7],10.0.8.175,34.443489163641,35.244350199559,10.0.8.175,10.0.8.175,1,1
32.244350218776,node[92],10.0.8.175,34.443489200118,35.244350218776,10.0.8.175,10.0.8.175,1,1
32.244350218776,node[92],10.0.0.9,36.803489200118,37.604350218776,10.0.8.175,10.0.8.175,3,3
32.244350235714,node[61],10.0.8.175,34.443489209079,35.244350235714,10.0.8.175,10.0.8.175,1,1
32.244350235714,node[61],10.0.0.9,36.803489209079,37.604350235714,10.0.8.175,10.0.8.175,3,3
32.24435030754,node[39],10.0.8.175,34.443489282727,35.24435030754,10.0.8.175,10.0.8.175,1,1
32.24435031262,node[36],10.0.8.175,34.443489283939,35.24435031262,10.0.8.175,10.0.8.175,1,1
32.244350318768,node[67],10.0.0.9,36.724637764411,37.604350318768,10.0.14.19,10.0.8.175,4,3
32.24580911891,node[95],10.0.2.55,34.444093940474,35.24580911891,10.0.2.55,10.0.2.55,1,1
32.245809196955,node[32],10.0.2.55,34.444094004876,35.245809196955,10.0.2.55,10.0.2.55,1,1
32.245809236151,node[36],10.0.2.55,34.444094059409,35.245809236151,10.0.2.55,10.0.2.55,1,1
32.24580926663,node[31],10.0.2.55,34.444094071305,35.24580926663,10.0.2.55,10.0.2.55,1,1
32.245809352499,node[39],10.0.2.55,34.444094175644,35.245809352499,10.0.2.55,10.0.2.55,1,1
32.24580936897,rsu[0],10.0.2.55,34.444094188956,35.24580936897,10.0.2.55,10.0.2.55,1,1
32.245966645657,node[99],10.0.13.206,34.44699101332,35.245966645657,10.0.13.206,10.0.13.206,1,1
32.245966645657,node[99],10.0.0.9,36.883775772359,37.605966645657,10.0.8.244,10.0.13.206,2,3
32.245966696241,node[34],10.0.13.206,34.446991049846,35.245966696241,10.0.13.206,10.0.13.206,1,1
32.245966696241,node[34],10.0.0.9,36.806991049846,37.605966696241,10.0.13.206,10.0.13.206,3,3
32.24596672403,node[18],10.0.13.206,34.446991094675,35.24596672403,10.0.13.206,10.0.13.206,1,1
32.24596672403,node[18],10.0.0.9,36.806991094675,37.60596672403,10.0.13.206,10.0.13.206,3,3
32.245966916754,node[81],10.0.0.9,36.731875714827,37.605966916754,10.0.9.126,10.0.13.206,4,3
32.246145304578,node[17],10.0.12.186,34.447945353996,35.246145304578,10.0.12.186,10.0.12.186,1,1
32.246145353032,node[39],10.0.12.186,34.447945396424,35.246145353032,10.0.12.186,10.0.12.186,1,1
32.246145435997,node[25],10.0.12.186,34.447945474387,35.246145435997,10.0.12.186,10.0.12.186,1,1
32.246145435997,node[25],10.0.0.9,36.727945474387,37.526145435997,10.0.12.186,10.0.12.186,4,4
32.246145436272,node[75],10.0.12.186,34.447945484136,35.246145436272,10.0.12.186,10.0.12.186,1,1
32.246145436272,node[75],10.0.0.9,36.727945484136,37.526145436272,10.0.12.186,10.0.12.186,4,4
32.246145491935,node[61],10.0.12.186,34.447945533552,35.246145491935,10.0.12.186,10.0.12.186,1,1
32.246145492667,node[28],10.0.12.186,34.447945534625,35.246145492667,10.0.12.186,10.0.12.186,1,1
32.246145492667,node[28],10.0.0.9,36.727945534625,37.526145492667,10.0.12.186,10.0.12.186,4,4
32.246303261336,node[92],10.0.14.19,34.444637586771,35.246303261336,10.0.14.19,10.0.14.19,1,1
32.246303340653,node[3],10.0.14.19,34.444637678954,35.246303340653,10.0.14.19,10.0.14.19,1,1
32.246303371657,node[74],10.0.14.19,34.444637705128,35.246303371657,10.0.14.19,10.0.14.19,1,1
32.246303439067,node[67],10.0.14.19,34.444637764411,35.246303439067,10.0.14.19,10.0.14.19,1,1
32.246303537579,node[62],10.0.14.19,34.444637871236,35.246303537579,10.0.14.19,10.0.14.19,1,1
32.246303550855,node[31],10.0.14.19,34.444637885371,35.246303550855,10.0.14.19,10.0.14.19,1,1
32.246303578875,node[61],10.0.14.19,34.444637902018,35.246303578875,10.0.14.19,10.0.14.19,1,1
32.246303737872,node[86],10.0.14.19,34.444638053538,35.246303737872,10.0.14.19,10.0.14.19,1,1
32.246303737872,node[86],10.0.0.9,36.724638053538,37.526303737872,10.0.14.19,10.0.14.19,4,4
32.247420970377,node[81],10.0.9.126,34.451875714827,35.247420970377,10.0.9.126,10.0.9.126,1,1
32.247421071503,node[50],10.0.9.126,34.451875799021,35.247421071503,10.0.9.126,10.0.9.126,1,1
32.247421086227,node[33],10.0.9.126,34.451875840414,35.247421086227,10.0.9.126,10.0.9.126,1,1
32.247421086227,node[33],10.0.0.9,36.731875840414,37.527421086227,10.0.9.126,10.0.9.126,4,4
32.247421131923,node[73],10.0.9.126,34.45187587767,35.247421131923,10.0.9.126,10.0.9.126,1,1
32.247421131923,node[73],10.0.0.9,36.73187587767,37.527421131923,10.0.9.126,10.0.9.126,4,4
32.247421134894,node[18],10.0.9.126,34.451875878388,35.247421134894,10.0.9.126,10.0.9.126,1,1
32.24742118916,node[68],10.0.9.126,34.45187593007,35.24742118916,10.0.9.126,10.0.9.126,1,1
32.24742118916,node[68],10.0.0.9,36.73187593007,37.52742118916,10.0.9.126,10.0.9.126,4,4
32.247421219088,node[99],10.0.9.126,34.451875957183,35.247421219088,10.0.9.126,10.0.9.126,1,1
32.247691954382,node[47],10.0.7.224,34.45025817812,35.247691954382,10.0.7.224,10.0.7.224,1,1
32.247691954382,node[47],10.0.0.9,36.648245952039,37.447691954382,10.0.7.17,10.0.7.224,5,5
32.24769234008,node[25],10.0.7.224,34.450258545689,35.24769234008,10.0.7.224,10.0.7.224,1,1
32.247692429297,node[46],10.0.7.224,34.450258637622,35.247692429297,10.0.7.224,10.0.7.224,1,1
32.248598841907,node[51],10.0.1.35,34.446857074687,35.248598841907,10.0.1.35,10.0.1.35,1,1
32.248598870737,node[74],10.0.1.35,34.4468570994,35.248598870737,10.0.1.35,10.0.1.35,1,1
32.2485988937,node[31],10.0.1.35,34.446857109035,35.2485988937,10.0.1.35,10.0.1.35,1,1
32.248598919358,node[92],10.0.1.35,34.446857151776,35.248598919358,10.0.1.35,10.0.1.35,1,1
32.248598998011,node[62],10.0.1.35,34.446857226199,35.248598998011,10.0.1.35,10.0.1.35,1,1
32.248599060175,node[67],10.0.1.35,34.446857288543,35.248599060175,10.0.1.35,10.0.1.35,1,1
32.248599088697,node[61],10.0.1.35,34.446857301619,35.248599088697,10.0.1.35,10.0.1.35,1,1
32.248599186802,node[95],10.0.1.35,34.446857398721,35.248599186802,10.0.1.35,10.0.1.35,1,1
32.248768965614,node[73],10.0.9.57,34.452300683356,35.248768965614,10.0.9.57,10.0.9.57,1,1
32.248769011553,node[81],10.0.9.57,34.452300739934,35.248769011553,10.0.9.57,10.0.9.57,1,1
32.24876915986,node[68],10.0.9.57,34.452300887379,35.24876915986,10.0.9.57,10.0.9.57,1,1
32.248769202069,node[34],10.0.9.57,34.452300941397,35.248769202069,10.0.9.57,10.0.9.57,1,1
32.248769319051,node[72],10.0.9.57,34.452301031706,35.248769319051,10.0.9.57,10.0.9.57,1,1
32.248769319051,node[72],10.0.0.9,36.652301031706,37.448769319051,10.0.9.57,10.0.9.57,5,5
32.248769381024,node[37],10.0.9.57,34.452301106899,35.248769381024,10.0.9.57,10.0.9.57,1,1
32.248769381024,node[37],10.0.0.9,36.652301106899,37.448769381024,10.0.9.57,10.0.9.57,5,5
32.249925571589,node[75],10.0.7.17,34.448245586901,35.249925571589,10.0.7.17,10.0.7.17,1,1
32.249925824429,node[61],10.0.7.17,34.448245840663,35.249925824429,10.0.7.17,10.0.7.17,1,1
32.24992587135,node[28],10.0.7.17,34.448245869789,35.24992587135,10.0.7.17,10.0.7.17,1,1
32.249925903897,node[46],10.0.7.17,34.448245901484,35.249925903897,10.0.7.17,10.0.7.17,1,1
32.249925938505,node[87],10.0.7.17,34.448245940332,35.249925938505,10.0.7.17,10.0.7.17,1,1
32.249925938505,node[87],10.0.0.9,36.648245940332,37.449925938505,10.0.7.17,10.0.7.17,5,5
32.249925944797,node[47],10.0.7.17,34.448245952039,35.249925944797,10.0.7.17,10.0.7.17,1,1
32.249925945545,node[48],10.0.7.17,34.448245960115,35.249925945545,10.0.7.17,10.0.7.17,1,1
32.249925945545,node[48],10.0.0.9,36.648245960115,37.449925945545,10.0.7.17,10.0.7.17,5,5
32.250676820614,node[28],10.0.12.255,34.453247974579,35.250676820614,10.0.12.255,10.0.12.255,1,1
32.250677256158,node[26],10.0.12.255,34.453248400791,35.250677256158,10.0.12.255,10.0.12.255,1,1
32.250677256158,node[26],10.0.0.9,36.573248400791,37.370677256158,10.0.12.255,10.0.12.255,6,6
32.250677279759,node[25],10.0.12.255,34.453248424398,35.250677279759,10.0.12.255,10.0.12.255,1,1
32.253224769968,node[87],10.0.13.68,34.448951166153,35.253224769968,10.0.13.68,10.0.13.68,1,1
32.253225090392,node[25],10.0.13.68,34.448951489721,35.253225090392,10.0.13.68,10.0.13.68,1,1
32.253353745673,node[49],10.0.10.77,34.455867633217,35.253353745673,10.0.10.77,10.0.10.77,1,1
32.253353745673,node[49],10.0.0.9,36.575867633217,37.373353745673,10.0.10.77,10.0.10.77,6,6
32.253353808268,node[97],10.0.10.77,34.455867689467,35.253353808268,10.0.10.77,10.0.10.77,1,1
32.253353808268,node[97],10.0.0.9,36.575867689467,37.373353808268,10.0.10.77,10.0.10.77,6,6
32.253353869402,node[84],10.0.10.77,34.455867752055,35.253353869402,10.0.10.77,10.0.10.77,1,1
32.253353869402,node[84],10.0.0.9,36.575867752055,37.373353869402,10.0.10.77,10.0.10.77,6,6
32.253353947248,node[85],10.0.10.77,34.455867853488,35.253353947248,10.0.10.77,10.0.10.77,1,1
32.253353947248,node[85],10.0.0.9,36.575867853488,37.373353947248,10.0.10.77,10.0.10.77,6,6
32.253353988574,node[73],10.0.10.77,34.455867891615,35.253353988574,10.0.10.77,10.0.10.77,1,1
32.253354044846,node[6],10.0.10.77,34.455867939276,35.253354044846,10.0.10.77,10.0.10.77,1,1
32.253354044846,node[6],10.0.0.9,36.575867939276,37.373354044846,10.0.10.77,10.0.10.77,6,6
32.253354075193,node[71],10.0.10.77,34.455867971551,35.253354075193,10.0.10.77,10.0.10.77,1,1
32.253354075193,node[71],10.0.0.9,36.575867971551,37.373354075193,10.0.10.77,10.0.10.77,6,6
32.253354102068,node[33],10.0.10.77,34.455867996476,35.253354102068,10.0.10.77,10.0.10.77,1,1
32.253354119239,node[82],10.0.10.77,34.455868005002,35.253354119239,10.0.10.77,10.0.10.77,1,1
32.253354119239,node[82],10.0.0.9,36.575868005002,37.373354119239,10.0.10.77,10.0.10.77,6,6
32.255239319364,node[59],10.0.7.86,34.456185685805,35.255239319364,10.0.7.86,10.0.7.86,1,1
32.255239319364,node[59],10.0.0.9,36.496185685805,37.295239319364,10.0.7.86,10.0.7.86,7,7
32.25523937866,node[29],10.0.7.86,34.45618574524,35.25523937866,10.0.7.86,10.0.7.86,1,1
32.25523937866,node[29],10.0.0.9,36.49618574524,37.29523937866,10.0.7.86,10.0.7.86,7,7
32.255239543409,node[47],10.0.7.86,34.456185923133,35.255239543409,10.0.7.86,10.0.7.86,1,1
32.255693435806,node[97],10.0.13.137,34.457298636933,35.255693435806,10.0.13.137,10.0.13.137,1,1
32.255693545269,node[37],10.0.13.137,34.457298746394,35.255693545269,10.0.13.137,10.0.13.137,1,1
32.255693548334,node[84],10.0.13.137,34.45729874713,35.255693548334,10.0.13.137,10.0.13.137,1,1
32.255693747066,node[6],10.0.13.137,34.4572989635,35.255693747066,10.0.13.137,10.0.13.137,1,1
32.25569375586,node[82],10.0.13.137,34.457298958948,35.25569375586,10.0.13.137,10.0.13.137,1,1
32.255693881903,node[72],10.0.13.137,34.457299082156,35.255693881903,10.0.13.137,10.0.13.137,1,1
32.255693884364,node[38],10.0.13.137,34.4572990832,35.255693884364,10.0.13.137,10.0.13.137,1,1
32.255693884364,node[38],10.0.0.9,36.4972990832,37.295693884364,10.0.13.137,10.0.13.137,7,7
32.255693885673,node[73],10.0.13.137,34.457299093795,35.255693885673,10.0.13.137,10.0.13.137,1,1
32.255693898934,node[85],10.0.13.137,34.457299115611,35.255693898934,10.0.13.137,10.0.13.137,1,1
32.255999009699,node[100],10.0.1.242,34.458517040393,35.255999009699,10.0.1.242,10.0.1.242,1,1
32.255999009699,node[100],10.0.0.9,36.498517040393,37.295999009699,10.0.1.242,10.0.1.242,7,7
32.255999094822,node[89],10.0.1.242,34.458517132042,35.255999094822,10.0.1.242,10.0.1.242,1,1
32.255999094822,node[89],10.0.0.9,36.498517132042,37.295999094822,10.0.1.242,10.0.1.242,7,7
32.25599911101,node[97],10.0.1.242,34.458517150266,35.25599911101,10.0.1.242,10.0.1.242,1,1
32.255999121566,node[49],10.0.1.242,34.458517166908,35.255999121566,10.0.1.242,10.0.1.242,1,1
32.255999218942,node[37],10.0.1.242,34.458517255861,35.255999218942,10.0.1.242,10.0.1.242,1,1
32.255999251833,node[84],10.0.1.242,34.458517289581,35.255999251833,10.0.1.242,10.0.1.242,1,1
32.255999279331,node[82],10.0.1.242,34.45851730685,35.255999279331,10.0.1.242,10.0.1.242,1,1
32.257285278582,node[82],10.0.10.146,34.462009080802,35.257285278582,10.0.10.146,10.0.10.146,1,1
32.257285389508,node[72],10.0.10.146,34.462009199977,35.257285389508,10.0.10.146,10.0.10.146,1,1
32.257285400818,node[45],10.0.10.146,34.46200921036,35.257285400818,10.0.10.146,10.0.10.146,1,1
32.257285400818,node[45],10.0.0.9,36.42200921036,37.217285400818,10.0.10.146,10.0.10.146,8,8
32.257285418988,node[84],10.0.10.146,34.462009222797,35.257285418988,10.0.10.146,10.0.10.146,1,1
32.257285530666,node[97],10.0.10.146,34.462009332353,35.257285530666,10.0.10.146,10.0.10.146,1,1
32.257285558127,node[91],10.0.10.146,34.462009361296,35.257285558127,10.0.10.146,10.0.10.146,1,1
32.257285558127,node[91],10.0.0.9,36.422009361296,37.217285558127,10.0.10.146,10.0.10.146,8,8
32.25728558092,node[49],10.0.10.146,34.462009373787,35.25728558092,10.0.10.146,10.0.10.146,1,1
32.260236292973,node[59],10.0.8.37,34.46087341977,35.260236292973,10.0.8.37,10.0.8.37,1,1
32.260236583628,node[26],10.0.8.37,34.46087369723,35.260236583628,10.0.8.37,10.0.8.37,1,1
32.447715184299,node[50],10.0.5.46,35.447715184299,41.447715184299,10.0.5.46,10.0.5.46,1,1
32.447957910715,node[50],10.0.5.46,41.447715184299,35.447957910715,10.0.5.46,10.0.5.46,1,1
32.447957910715,node[50],10.0.5.46,35.447957910715,41.447957910715,10.0.5.46,10.0.5.46,1,1
32.451798430373,node[14],10.0.13.206,35.245966890194,35.451798430373,10.0.13.206,10.0.13.206,1,1
32.452080489117,node[14],10.0.13.206,35.451798430373,35.452080489117,10.0.13.206,10.0.13.206,1,1
32.455829364157,rsu[0],10.0.4.26,35.241655208858,35.455829364157,10.0.4.26,10.0.4.26,1,1
32.458187597843,rsu[0],10.0.4.26,35.455829364157,35.458187597843,10.0.4.26,10.0.4.26,1,1
32.815217456965,node[50],10.0.5.46,41.447957910715,35.815217456965,10.0.5.46,10.0.5.46,1,1
32.81719231613,node[79],10.0.1.173,34.451530919631,35.81719231613,10.0.1.173,10.0.1.173,1,1
32.8171924827,node[18],10.0.1.173,34.451531094249,35.8171924827,10.0.1.173,10.0.1.173,1,1
32.81719255245,node[13],10.0.1.173,34.451531154452,35.81719255245,10.0.1.173,10.0.1.173,1,1
32.817192585223,node[56],10.0.1.173,34.451531192805,35.817192585223,10.0.1.173,10.0.1.173,1,1
32.817192587318,node[99],10.0.1.173,34.451531208043,35.817192587318,10.0.1.173,10.0.1.173,1,1
32.817639552805,node[104],10.0.9.126,35.247420919208,35.817639552805,10.0.9.126,10.0.9.126,1,1
32.817639603974,node[81],10.0.9.126,35.247420970377,35.817639603974,10.0.9.126,10.0.9.126,1,1
32.8176397051,node[50],10.0.9.126,35.247421071503,35.8176397051,10.0.9.126,10.0.9.126,1,1
32.817639719824,node[33],10.0.9.126,35.247421086227,35.817639719824,10.0.9.126,10.0.9.126,1,1
32.81763976552,node[73],10.0.9.126,35.247421131923,35.81763976552,10.0.9.126,10.0.9.126,1,1
32.817639768491,node[18],10.0.9.126,35.247421134894,35.817639768491,10.0.9.126,10.0.9.126,1,1
32.817639822757,node[68],10.0.9.126,35.24742118916,35.817639822757,10.0.9.126,10.0.9.126,1,1
32.817639852685,node[99],10.0.9.126,35.247421219088,35.817639852685,10.0.9.126,10.0.9.126,1,1
32.81855294069,node[104],10.0.13.206,35.245966522372,35.81855294069,10.0.13.206,10.0.13.206,1,1
32.818553063975,node[99],10.0.13.206,35.245966645657,35.818553063975,10.0.13.206,10.0.13.206,1,1
32.818553114559,node[34],10.0.13.206,35.245966696241,35.818553114559,10.0.13.206,10.0.13.206,1,1
32.818553142348,node[18],10.0.13.206,47.47602142431,35.818553142348,10.0.13.206,10.0.13.206,1,1
32.818553260143,node[102],10.0.13.206,35.245966841825,35.818553260143,10.0.13.206,10.0.13.206,1,1
32.818553308512,node[14],10.0.13.206,35.800120308019,35.818553308512,10.0.13.206,10.0.13.206,1,1
32.818553308512,node[14],10.0.5.46,41.451798430373,38.258553308512,10.0.13.206,10.0.13.206,2,2
32.818553335072,node[81],10.0.13.206,35.245966916754,35.818553335072,10.0.13.206,10.0.13.206,1,1
32.818684756551,node[56],10.0.3.213,34.447730239234,35.818684756551,10.0.3.213,10.0.3.213,1,1
32.818685035267,node[5],10.0.3.213,34.447730506813,35.818685035267,10.0.3.213,10.0.3.213,1,1
32.818685063616,node[24],10.0.3.213,34.447730552813,35.818685063616,10.0.3.213,10.0.3.213,1,1
32.818685068173,node[83],10.0.3.213,34.447730548472,35.818685068173,10.0.3.213,10.0.3.213,1,1
32.818685092046,node[79],10.0.3.213,34.447730562052,35.818685092046,10.0.3.213,10.0.3.213,1,1
32.818685211854,node[69],10.0.3.213,34.447730684735,35.818685211854,10.0.3.213,10.0.3.213,1,1
32.821781734837,node[73],10.0.9.57,35.248768965614,35.821781734837,10.0.9.57,10.0.9.57,1,1
32.821781780776,node[81],10.0.9.57,35.248769011553,35.821781780776,10.0.9.57,10.0.9.57,1,1
32.821781929083,node[68],10.0.9.57,35.24876915986,35.821781929083,10.0.9.57,10.0.9.57,1,1
32.821781971292,node[34],10.0.9.57,35.248769202069,35.821781971292,10.0.9.57,10.0.9.57,1,1
32.821782088274,node[72],10.0.9.57,35.248769319051,35.821782088274,10.0.9.57,10.0.9.57,1,1
32.821782149709,node[104],10.0.9.57,35.248769380486,35.821782149709,10.0.9.57,10.0.9.57,1,1
32.821782150247,node[37],10.0.9.57,35.248769381024,35.821782150247,10.0.9.57,10.0.9.57,1,1
32.822031609949,node[102],10.0.4.26,35.24165496555,35.822031609949,10.0.4.26,10.0.4.26,1,1
32.822546663498,node[49],10.0.10.77,35.253353745673,35.822546663498,10.0.10.77,10.0.10.77,1,1
32.822546726093,node[97],10.0.10.77,35.253353808268,35.822546726093,10.0.10.77,10.0.10.77,1,1
32.822546787227,node[84],10.0.10.77,35.253353869402,35.822546787227,10.0.10.77,10.0.10.77,1,1
32.822546865073,node[85],10.0.10.77,35.253353947248,35.822546865073,10.0.10.77,10.0.10.77,1,1
32.822546906399,node[73],10.0.10.77,35.253353988574,35.822546906399,10.0.10.77,10.0.10.77,1,1
32.822546962671,node[6],10.0.10.77,35.253354044846,35.822546962671,10.0.10.77,10.0.10.77,1,1
32.822546993018,node[71],10.0.10.77,35.253354075193,35.822546993018,10.0.10.77,10.0.10.77,1,1
32.822547019893,node[33],10.0.10.77,35.253354102068,35.822547019893,10.0.10.77,10.0.10.77,1,1
32.822547037064,node[82],10.0.10.77,35.253354119239,35.822547037064,10.0.10.77,10.0.10.77,1,1
33.296920480796,node[99],10.0.5.46,35.815217290039,36.296920480796,10.0.5.46,10.0.5.46,1,1
33.296920562214,node[5],10.0.5.46,35.815217363282,36.296920562214,10.0.5.46,10.0.5.46,1,1
33.296920577486,node[104],10.0.5.46,35.815217395782,36.296920577486,10.0.5.46,10.0.5.46,1,1
33.296920613182,node[79],10.0.5.46,35.815217405988,36.296920613182,10.0.5.46,10.0.5.46,1,1
33.296920652408,node[50],10.0.5.46,36.200542832541,36.296920652408,10.0.5.46,10.0.5.46,1,1
33.296920689065,node[34],10.0.5.46,35.815217492567,36.296920689065,10.0.5.46,10.0.5.46,1,1
33.296920768257,node[81],10.0.5.46,35.815217576256,36.296920768257,10.0.5.46,10.0.5.46,1,1
33.296920820289,node[68],10.0.5.46,35.815217615104,36.296920820289,10.0.5.46,10.0.5.46,1,1
33.297487801717,node[104],10.0.13.206,35.81855294069,36.297487801717,10.0.13.206,10.0.13.206,1,1
33.297487916108,node[99],10.0.13.206,35.818553063975,36.297487916108,10.0.13.206,10.0.13.206,1,1
33.297487981954,node[34],10.0.13.206,35.818553114559,36.297487981954,10.0.13.206,10.0.13.206,1,1
33.297487992916,node[18],10.0.13.206,35.818553142348,36.297487992916,10.0.13.206,10.0.13.206,1,1
33.297488114518,node[102],10.0.13.206,35.818553260143,36.297488114518,10.0.13.206,10.0.13.206,1,1
33.297488114518,node[102],10.0.5.46,38.258553260143,38.737488114518,10.0.13.206,10.0.13.206,2,2
33.29748816286,node[14],10.0.13.206,36.200120302882,36.29748816286,10.0.13.206,10.0.13.206,1,1
33.29748816286,node[14],10.0.5.46,38.258553308512,38.73748816286,10.0.13.206,10.0.13.206,2,2
33.298009339745,node[102],10.0.4.26,35.822031609949,36.298009339745,10.0.4.26,10.0.4.26,1,1
33.298009577916,rsu[0],10.0.4.26,36.2,36.298009577916,10.0.4.26,10.0.4.26,1,1
33.298009577916,rsu[0],10.0.5.46,41.455829364157,38.658009577916,10.0.4.26,10.0.4.26,3,3
33.298009671947,node[96],10.0.4.26,35.241655306372,36.298009671947,10.0.4.26,10.0.4.26,1,1
33.298009804693,node[50],10.0.4.26,36.200542832541,36.298009804693,10.0.4.26,10.0.4.26,1,1
33.298345880798,node[14],10.0.0.9,37.761492900839,36.298345880798,10.0.0.9,10.0.0.9,1,1
33.298345880798,node[14],10.0.0.9,36.298345880798,42.298345880798,10.0.0.9,10.0.0.9,1,1
33.300806559062,node[79],10.0.1.173,35.81719231613,36.300806559062,10.0.1.173,10.0.1.173,1,1
33.300806717385,node[18],10.0.1.173,35.8171924827,36.300806717385,10.0.1.173,10.0.1.173,1,1
33.300806796681,node[13],10.0.1.173,35.81719255245,36.300806796681,10.0.1.173,10.0.1.173,1,1
33.300806796681,node[13],10.0.5.46,38.25719255245,38.740806796681,10.0.1.173,10.0.1.173,2,2
33.300806812821,node[99],10.0.1.173,35.817192587318,36.300806812821,10.0.1.173,10.0.1.173,1,1
33.300806821999,node[56],10.0.1.173,35.817192585223,36.300806821999,10.0.1.173,10.0.1.173,1,1
33.300806821999,node[56],10.0.5.46,38.257192585223,38.740806821999,10.0.1.173,10.0.1.173,2,2
33.301543482124,node[104],10.0.9.126,35.817639552805,36.301543482124,10.0.9.126,10.0.9.126,1,1
33.301543518788,node[81],10.0.9.126,35.817639603974,36.301543518788,10.0.9.126,10.0.9.126,1,1
33.301543624571,node[33],10.0.9.126,35.817639719824,36.301543624571,10.0.9.126,10.0.9.126,1,1
33.301543624571,node[33],10.0.5.46,38.257639719824,38.741543624571,10.0.9.126,10.0.9.126,2,2
33.301543636516,node[50],10.0.9.126,35.8176397051,36.301543636516,10.0.9.126,10.0.9.126,1,1
33.301543678874,node[73],10.0.9.126,35.81763976552,36.301543678874,10.0.9.126,10.0.9.126,1,1
33.301543678874,node[73],10.0.5.46,38.25763976552,38.741543678874,10.0.9.126,10.0.9.126,2,2
33.301543684135,node[18],10.0.9.126,35.817639768491,36.301543684135,10.0.9.126,10.0.9.126,1,1
33.301543740781,node[68],10.0.9.126,35.817639822757,36.301543740781,10.0.9.126,10.0.9.126,1,1
33.30154377084,node[99],10.0.9.126,35.817639852685,36.30154377084,10.0.9.126,10.0.9.126,1,1
33.302100879249,node[50],10.0.4.26,36.300516832541,36.302100879249,10.0.4.26,10.0.4.26,1,1
33.302100879249,node[50],10.0.0.9,37.681655430211,42.302100879249,10.0.4.26,10.0.4.26,2,2
33.302345455314,node[13],10.0.15.108,35.818228936875,36.302345455314,10.0.15.108,10.0.15.108,1,1
33.302345698804,node[24],10.0.15.108,35.818229183611,36.302345698804,10.0.15.108,10.0.15.108,1,1
33.302345698804,node[24],10.0.5.46,38.178229183611,38.662345698804,10.0.15.108,10.0.15.108,3,3
33.302345771361,node[5],10.0.15.108,35.818229248364,36.302345771361,10.0.15.108,10.0.15.108,1,1
33.302345800461,node[83],10.0.15.108,35.818229271474,36.302345800461,10.0.15.108,10.0.15.108,1,1
33.302345800461,node[83],10.0.5.46,38.178229271474,38.662345800461,10.0.15.108,10.0.15.108,3,3
33.302345841162,node[79],10.0.15.108,35.818229315215,36.302345841162,10.0.15.108,10.0.15.108,1,1
33.302585513402,node[56],10.0.3.213,35.818684756551,36.302585513402,10.0.3.213,10.0.3.213,1,1
33.302923430427,node[18],10.0.13.206,36.297487992916,36.302923430427,10.0.13.206,10.0.13.206,1,1
33.302923430427,node[18],10.0.0.9,47.47602142431,42.302923430427,10.0.13.206,10.0.13.206,3,3
33.305034063215,node[73],10.0.9.57,35.821781734837,36.305034063215,10.0.9.57,10.0.9.57,1,1
33.305034098869,node[81],10.0.9.57,35.821781780776,36.305034098869,10.0.9.57,10.0.9.57,1,1
33.305034248085,node[68],10.0.9.57,35.821781929083,36.305034248085,10.0.9.57,10.0.9.57,1,1
45.102102628119,node[102],10.0.0.9,52.76149295328,48.102102628119,10.0.0.9,10.0.0.9,1,1
45.102102654924,node[14],10.0.0.9,48.000120318063,48.102102654924,10.0.0.9,10.0.0.9,1,1
45.102102794999,node[36],10.0.0.9,52.761493132356,48.102102794999,10.0.0.9,10.0.0.9,1,1
45.102102812769,node[7],10.0.0.9,52.761493125697,48.102102812769,10.0.0.9,10.0.0.9,1,1
45.102102841082,node[96],10.0.0.9,52.761493093892,48.102102841082,10.0.0.9,10.0.0.9,1,1
45.102102843617,node[32],10.0.0.9,52.761493062582,48.102102843617,10.0.0.9,10.0.0.9,1,1
45.102316937206,node[95],10.0.2.55,50.24580911891,48.102316937206,10.0.2.55,10.0.2.55,1,1
45.102316937206,node[95],10.0.0.9,52.68225637564,50.542316937206,10.0.10.8,10.0.2.55,2,2
45.102317041209,node[36],10.0.2.55,50.245809236151,48.102317041209,10.0.2.55,10.0.2.55,1,1
45.102317056094,node[32],10.0.2.55,50.245809196955,48.102317056094,10.0.2.55,10.0.2.55,1,1
45.102317156856,rsu[0],10.0.2.55,50.24580936897,48.102317156856,10.0.2.55,10.0.2.55,1,1
45.102317159503,node[39],10.0.2.55,50.245809352499,48.102317159503,10.0.2.55,10.0.2.55,1,1
45.102317159503,node[39],10.0.0.9,52.682256277204,50.542317159503,10.0.10.8,10.0.2.55,2,2
45.104113701296,node[102],10.0.4.26,51.298009339745,48.104113701296,10.0.4.26,10.0.4.26,1,1
45.104282446243,node[39],10.0.10.8,50.242256277204,48.104282446243,10.0.10.8,10.0.10.8,1,1
45.104282548361,node[95],10.0.10.8,50.24225637564,48.104282548361,10.0.10.8,10.0.10.8,1,1
45.104282650978,node[7],10.0.10.8,50.242256521724,48.104282650978,10.0.10.8,10.0.10.8,1,1
45.10428270694,node[17],10.0.10.8,50.242256507582,48.10428270694,10.0.10.8,10.0.10.8,1,1
45.10428270694,node[17],10.0.0.9,52.682256507582,50.54428270694,10.0.10.8,10.0.10.8,2,2
45.104282748855,rsu[0],10.0.10.8,50.242256661202,48.104282748855,10.0.10.8,10.0.10.8,1,1
45.104282812887,node[20],10.0.10.8,50.242256558518,48.104282812887,10.0.10.8,10.0.10.8,1,1
45.104282812887,node[20],10.0.0.9,52.761493135997,50.544282812887,10.0.0.9,10.0.10.8,1,2
45.104419167366,node[35],10.0.0.9,51.802113523259,50.544419167366,10.0.1.104,10.0.26.52,3,2
45.104419173073,node[10],10.0.0.9,51.802113534752,50.544419173073,10.0.1.104,10.0.26.52,3,2
45.104419294078,node[70],10.0.0.9,51.722409922731,50.544419294078,10.0.3.6,10.0.26.52,4,2
45.104419327496,node[4],10.0.0.9,51.881364588345,50.544419327496,10.0.5.184,10.0.26.52,2,2
45.104419458626,node[11],10.0.0.9,51.645686055332,50.544419458626,10.0.11.28,10.0.26.52,5,2
45.423371337916,node[131],10.0.0.9,48.102102568995,48.423371337916,10.0.0.9,10.0.0.9,1,1
45.42337139704,node[102],10.0.0.9,48.102102628119,48.42337139704,10.0.0.9,10.0.0.9,1,1
45.423371423845,node[14],10.0.0.9,48.102102654924,48.423371423845,10.0.0.9,10.0.0.9,1,1
45.42337144653,node[127],10.0.0.9,48.102102677609,48.42337144653,10.0.0.9,10.0.0.9,1,1
45.42337156392,node[36],10.0.0.9,48.102102794999,48.42337156392,10.0.0.9,10.0.0.9,1,1
45.42337158169,node[7],10.0.0.9,48.102102812769,48.42337158169,10.0.0.9,10.0.0.9,1,1
45.423371610003,node[96],10.0.0.9,48.102102841082,48.423371610003,10.0.0.9,10.0.0.9,1,1
45.423371612538,node[32],10.0.0.9,48.102102843617,48.423371612538,10.0.0.9,10.0.0.9,1,1
45.424028373237,node[7],10.0.8.244,49.443775650072,48.424028373237,10.0.8.244,10.0.8.244,1,1
45.424028456041,node[50],10.0.0.9,47.901153520023,50.864028456041,10.0.4.26,10.0.8.244,2,2
45.424028482375,node[99],10.0.8.244,49.443775772359,48.424028482375,10.0.8.244,10.0.8.244,1,1
45.424028482375,node[99],10.0.0.9,52.605966645657,50.864028482375,10.0.13.206,10.0.8.244,3,2
45.424028504847,rsu[0],10.0.8.244,49.443775763043,48.424028504847,10.0.8.244,10.0.8.244,1,1
45.424028532103,node[18],10.0.0.9,47.900874193237,50.864028532103,10.0.13.206,10.0.8.244,3,2
45.42402854099,node[24],10.0.8.244,49.443775767733,48.42402854099,10.0.8.244,10.0.8.244,1,1
45.42402854099,node[24],10.0.0.9,51.883775767733,50.86402854099,10.0.8.244,10.0.8.244,2,2
45.424028553802,node[56],10.0.0.9,51.807145624212,50.864028553802,10.0.6.204,10.0.8.244,3,2
45.424863134139,node[32],10.0.5.46,48.424863134139,54.424863134139,10.0.5.46,10.0.5.46,1,1
45.425056952374,node[35],10.0.26.52,48.104419167366,48.425056952374,10.0.26.52,10.0.26.52,1,1
45.425056952374,node[35],10.0.0.9,50.544419167366,50.865056952374,10.0.26.52,10.0.26.52,2,2
45.425056958081,node[10],10.0.26.52,48.104419173073,48.425056958081,10.0.26.52,10.0.26.52,1,1
45.425056958081,node[10],10.0.0.9,50.544419173073,50.865056958081,10.0.26.52,10.0.26.52,2,2
45.42505696906,node[107],10.0.26.52,48.104419184052,48.42505696906,10.0.26.52,10.0.26.52,1,1
45.42505696906,node[107],10.0.0.9,50.544419184052,50.86505696906,10.0.26.52,10.0.26.52,2,2
45.425056994185,node[14],10.0.26.52,48.104419209177,48.425056994185,10.0.26.52,10.0.26.52,1,1
45.425057024259,node[115],10.0.26.52,48.104419239251,48.425057024259,10.0.26.52,10.0.26.52,1,1
45.425057024259,node[115],10.0.0.9,50.544419239251,50.865057024259,10.0.26.52,10.0.26.52,2,2
45.425057024505,node[131],10.0.26.52,48.104419239497,48.425057024505,10.0.26.52,10.0.26.52,1,1
45.42505705435,node[102],10.0.26.52,48.104419269342,48.42505705435,10.0.26.52,10.0.26.52,1,1
45.425057079086,node[70],10.0.26.52,48.104419294078,48.425057079086,10.0.26.52,10.0.26.52,1,1
45.425057079086,node[70],10.0.0.9,50.544419294078,50.865057079086,10.0.26.52,10.0.26.52,2,2
45.425057112504,node[4],10.0.26.52,48.104419327496,48.425057112504,10.0.26.52,10.0.26.52,1,1
45.425057112504,node[4],10.0.0.9,50.544419327496,50.865057112504,10.0.26.52,10.0.26.52,2,2
45.425057214158,rsu[0],10.0.26.52,48.10441942915,48.425057214158,10.0.26.52,10.0.26.52,1,1
45.425057243634,node[11],10.0.26.52,48.104419458626,48.425057243634,10.0.26.52,10.0.26.52,1,1
45.425057243634,node[11],10.0.0.9,50.544419458626,50.865057243634,10.0.26.52,10.0.26.52,2,2
45.425441973251,node[39],10.0.10.8,48.104282446243,48.425441973251,10.0.10.8,10.0.10.8,1,1
45.425441973251,node[39],10.0.0.9,50.542317159503,50.865441973251,10.0.2.55,10.0.10.8,2,2
45.425442075369,node[95],10.0.10.8,48.104282548361,48.425442075369,10.0.10.8,10.0.10.8,1,1
45.425442075369,node[95],10.0.0.9,50.542316937206,50.865442075369,10.0.2.55,10.0.10.8,2,2
45.425442177986,node[7],10.0.10.8,48.104282650978,48.425442177986,10.0.10.8,10.0.10.8,1,1
45.425442233948,node[17],10.0.10.8,48.10428270694,48.425442233948,10.0.10.8,10.0.10.8,1,1
45.425442233948,node[17],10.0.0.9,50.54428270694,50.865442233948,10.0.10.8,10.0.10.8,2,2
45.425442275863,rsu[0],10.0.10.8,48.104282748855,48.425442275863,10.0.10.8,10.0.10.8,1,1
45.425442339895,node[20],10.0.10.8,48.104282812887,48.425442339895,10.0.10.8,10.0.10.8,1,1
45.425442339895,node[20],10.0.0.9,50.544282812887,50.865442339895,10.0.10.8,10.0.10.8,2,2
45.425442367753,node[145],10.0.10.8,48.104282840745,48.425442367753,10.0.10.8,10.0.10.8,1,1
45.425442367753,node[145],10.0.0.9,50.542317161751,50.865442367753,10.0.2.55,10.0.10.8,2,2
45.425571753679,node[13],10.0.15.108,51.302345455314,48.425571753679,10.0.15.108,10.0.15.108,1,1
45.425571753679,node[13],10.0.0.9,51.807145685075,50.785571753679,10.0.6.204,10.0.15.108,3,3
45.425571993134,node[24],10.0.15.108,51.302345698804,48.425571993134,10.0.15.108,10.0.15.108,1,1
45.425572062982,node[5],10.0.15.108,51.302345771361,48.425572062982,10.0.15.108,10.0.15.108,1,1
45.425572062982,node[5],10.0.0.9,51.727730506813,50.785572062982,10.0.3.213,10.0.15.108,4,3
45.425572178473,node[79],10.0.15.108,51.302345841162,48.425572178473,10.0.15.108,10.0.15.108,1,1
45.425572178473,node[79],10.0.0.9,51.727730562052,50.785572178473,10.0.3.213,10.0.15.108,4,3
45.425572193702,node[83],10.0.15.108,51.302345800461,48.425572193702,10.0.15.108,10.0.15.108,1,1
45.425572193702,node[83],10.0.0.9,51.727730548472,50.785572193702,10.0.3.213,10.0.15.108,4,3
45.42558760036,node[35],10.0.1.104,49.442113523259,48.42558760036,10.0.1.104,10.0.1.104,1,1
45.425587633651,node[10],10.0.1.104,49.442113534752,48.425587633651,10.0.1.104,10.0.1.104,1,1
45.425587648296,node[20],10.0.1.104,49.442113591978,48.425587648296,10.0.1.104,10.0.1.104,1,1
45.425708128777,node[36],10.0.10.215,50.243684083564,48.425708128777,10.0.10.215,10.0.10.215,1,1
45.425708247683,node[17],10.0.10.215,50.243684192561,48.425708247683,10.0.10.215,10.0.10.215,1,1
45.425708266444,node[95],10.0.10.215,50.243684218425,48.425708266444,10.0.10.215,10.0.10.215,1,1
45.425801633799,node[10],10.0.9.195,49.445068535615,48.425801633799,10.0.9.195,10.0.9.195,1,1
45.425801815179,node[70],10.0.9.195,49.445068785362,48.425801815179,10.0.9.195,10.0.9.195,1,1
45.425903279644,node[79],10.0.1.173,51.300806559062,48.425903279644,10.0.1.173,10.0.1.173,1,1
45.425903293598,node[18],10.0.1.173,51.300806717385,48.425903293598,10.0.1.173,10.0.1.173,1,1
45.425903319709,node[99],10.0.1.173,51.300806812821,48.425903319709,10.0.1.173,10.0.1.173,1,1
45.425903436114,node[56],10.0.1.173,51.300806821999,48.425903436114,10.0.1.173,10.0.1.173,1,1
45.425903481964,node[13],10.0.1.173,51.300806796681,48.425903481964,10.0.1.173,10.0.1.173,1,1
45.426737368924,node[95],10.0.2.55,48.102316937206,48.426737368924,10.0.2.55,10.0.2.55,1,1
45.426737472927,node[36],10.0.2.55,48.102317041209,48.426737472927,10.0.2.55,10.0.2.55,1,1
45.426737487812,node[32],10.0.2.55,48.102317056094,48.426737487812,10.0.2.55,10.0.2.55,1,1
45.426737553447,node[127],10.0.2.55,48.102317121729,48.426737553447,10.0.2.55,10.0.2.55,1,1
45.426737588574,rsu[0],10.0.2.55,48.102317156856,48.426737588574,10.0.2.55,10.0.2.55,1,1
45.426737591221,node[39],10.0.2.55,48.102317159503,48.426737591221,10.0.2.55,10.0.2.55,1,1
45.426737593469,node[145],10.0.2.55,48.102317161751,48.426737593469,10.0.2.55,10.0.2.55,1,1
45.426917994568,rsu[0],10.0.8.244,48.424028504847,48.426917994568,10.0.8.244,10.0.8.244,1,1
45.426917994568,rsu[0],10.0.5.46,48,54.426917994568,10.0.4.26,10.0.8.244,3,2
45.427285373246,node[102],10.0.4.26,48.104113701296,48.427285373246,10.0.4.26,10.0.4.26,1,1
45.427285401096,node[131],10.0.4.26,48.104113729146,48.427285401096,10.0.4.26,10.0.4.26,1,1
45.427285596879,node[96],10.0.4.26,51.298009671947,48.427285596879,10.0.4.26,10.0.4.26,1,1
45.427285630694,rsu[0],10.0.4.26,48,48.427285630694,10.0.4.26,10.0.4.26,1,1
45.428062425021,node[35],10.0.3.6,49.442409690356,48.428062425021,10.0.3.6,10.0.3.6,1,1
45.428062573764,node[70],10.0.3.6,49.442409922731,48.428062573764,10.0.3.6,10.0.3.6,1,1
45.428062639726,node[96],10.0.3.6,49.442409906634,48.428062639726,10.0.3.6,10.0.3.6,1,1
45.428062747425,node[4],10.0.3.6,49.442409976795,48.428062747425,10.0.3.6,10.0.3.6,1,1
45.42806294293,node[64],10.0.0.9,51.645685854535,50.78806294293,10.0.11.28,10.0.3.6,5,3
45.428297322771,node[69],10.0.0.9,51.727730684735,50.708297322771,10.0.3.213,10.0.22.179,4,4
45.429992967423,node[46],10.0.4.233,50.243276830778,48.429992967423,10.0.4.233,10.0.4.233,1,1
45.429992967423,node[46],10.0.0.9,52.603276830778,50.789992967423,10.0.4.233,10.0.4.233,3,3
45.430449021775,node[76],10.0.0.9,51.645685886028,50.710449021775,10.0.11.28,10.0.17.148,5,4
45.430449147821,node[40],10.0.0.9,51.722410202142,50.710449147821,10.0.3.6,10.0.17.148,4,4
45.430449262468,node[63],10.0.0.9,51.645685854556,50.710449262468,10.0.11.28,10.0.17.148,5,4
45.430449379685,node[44],10.0.0.9,51.645685836169,50.710449379685,10.0.11.28,10.0.17.148,5,4
45.430449494709,node[1],10.0.0.9,51.645685961787,50.710449494709,10.0.11.28,10.0.17.148,5,4
45.430449501504,node[93],10.0.0.9,51.64568602803,50.710449501504,10.0.11.28,10.0.17.148,5,4
45.430484905381,node[56],10.0.3.213,51.302585513402,48.430484905381,10.0.3.213,10.0.3.213,1,1
77.100954133193,node[32],10.0.0.9,80.00012045826,80.100954133193,10.0.0.9,10.0.0.9,1,1
77.103384476511,rsu[0],10.0.8.244,80,80.103384476511,10.0.8.244,10.0.8.244,1,1
77.103877991543,node[18],10.0.0.9,79.900439013852,82.543877991543,10.0.8.244,10.0.34.143,2,2
77.104938906031,node[127],10.0.5.46,80.104938906031,86.104938906031,10.0.5.46,10.0.5.46,1,1
77.106253257471,rsu[0],10.0.34.143,80.103878206279,80.106253257471,10.0.34.143,10.0.34.143,1,1
77.106253257471,rsu[0],10.0.5.46,80,86.106253257471,10.0.8.244,10.0.34.143,2,2
89.102809250949,node[102],10.0.0.9,95.100953867291,92.102809250949,10.0.0.9,10.0.0.9,1,1
89.102809254149,node[131],10.0.0.9,95.100953880091,92.102809254149,10.0.0.9,10.0.0.9,1,1
89.102809260988,node[36],10.0.0.9,95.100953947065,92.102809260988,10.0.0.9,10.0.0.9,1,1
89.102809509351,node[95],10.0.0.9,95.100954167358,92.102809509351,10.0.0.9,10.0.0.9,1,1
89.102809509543,node[32],10.0.0.9,95.100954133193,92.102809509543,10.0.0.9,10.0.0.9,1,1
89.102809513736,node[7],10.0.0.9,95.100954126331,92.102809513736,10.0.0.9,10.0.0.9,1,1
89.10280956458,node[157],10.0.0.9,97.543208971559,92.10280956458,10.0.10.8,10.0.0.9,2,1
89.103334996291,node[95],10.0.8.244,95.103384223391,92.103334996291,10.0.8.244,10.0.8.244,1,1
89.103335161953,node[7],10.0.8.244,95.103384070603,92.103335161953,10.0.8.244,10.0.8.244,1,1
89.103335233499,node[36],10.0.8.244,95.103384361358,92.103335233499,10.0.8.244,10.0.8.244,1,1
89.103335254882,node[157],10.0.8.244,95.103384382479,92.103335254882,10.0.8.244,10.0.8.244,1,1
89.103335278216,node[145],10.0.8.244,95.103384456486,92.103335278216,10.0.8.244,10.0.8.244,1,1
89.103335278216,node[145],10.0.0.9,97.543209193286,94.543335278216,10.0.10.8,10.0.8.244,2,2
89.103335369,node[127],10.0.8.244,95.103384276959,92.103335369,10.0.8.244,10.0.8.244,1,1
89.103335369,node[127],10.0.0.9,91.900822060328,94.543335369,10.0.0.9,10.0.8.244,1,2
89.103335402592,node[190],10.0.8.244,95.103384310544,92.103335402592,10.0.8.244,10.0.8.244,1,1
89.103335402592,node[190],10.0.0.9,95.100954210486,94.543335402592,10.0.0.9,10.0.8.244,1,2
89.103335414788,rsu[0],10.0.8.244,95.103384476511,92.103335414788,10.0.8.244,10.0.8.244,1,1
89.103335466394,node[152],10.0.0.9,97.543209166463,94.543335466394,10.0.10.8,10.0.8.244,2,2
89.103562748726,node[102],10.0.35.163,95.1012088809,92.103562748726,10.0.35.163,10.0.35.163,1,1
89.103562832569,rsu[0],10.0.35.163,95.101209049114,92.103562832569,10.0.35.163,10.0.35.163,1,1
89.103562989915,node[14],10.0.35.163,95.101209184575,92.103562989915,10.0.35.163,10.0.35.163,1,1
89.103562989915,node[14],10.0.0.9,95.100954175113,94.543562989915,10.0.0.9,10.0.35.163,1,2
89.103563041666,node[36],10.0.35.163,95.101209265907,92.103563041666,10.0.35.163,10.0.35.163,1,1
89.103563114643,node[96],10.0.35.163,95.101209292261,92.103563114643,10.0.35.163,10.0.35.163,1,1
89.103563114643,node[96],10.0.0.9,97.541209292261,94.543563114643,10.0.35.163,10.0.35.163,2,2
89.103563171808,node[11],10.0.0.9,97.54371443953,94.543563171808,10.0.4.26,10.0.35.163,2,2
89.104945843552,node[131],10.0.27.210,95.101474917844,92.104945843552,10.0.27.210,10.0.27.210,1,1
89.104945924195,rsu[0],10.0.27.210,95.101475073258,92.104945924195,10.0.27.210,10.0.27.210,1,1
89.104946091312,node[36],10.0.27.210,95.101475309097,92.104946091312,10.0.27.210,10.0.27.210,1,1
89.104946156448,node[14],10.0.27.210,95.101475208482,92.104946156448,10.0.27.210,10.0.27.210,1,1
89.104946266836,node[96],10.0.27.210,95.101475322943,92.104946266836,10.0.27.210,10.0.27.210,1,1
89.106278606009,node[32],10.0.25.239,95.103559428531,92.106278606009,10.0.25.239,10.0.25.239,1,1
89.106278816347,node[7],10.0.25.239,95.10355947969,92.106278816347,10.0.25.239,10.0.25.239,1,1
89.106278818808,node[157],10.0.25.239,95.10355938262,92.106278818808,10.0.25.239,10.0.25.239,1,1
89.106278829633,node[36],10.0.25.239,95.103559489696,92.106278829633,10.0.25.239,10.0.25.239,1,1
89.106278852055,node[145],10.0.25.239,95.103559507009,92.106278852055,10.0.25.239,10.0.25.239,1,1
89.106279023377,node[127],10.0.25.239,95.103559686862,92.106279023377,10.0.25.239,10.0.25.239,1,1
89.106279024314,rsu[0],10.0.25.239,95.103559715816,92.106279024314,10.0.25.239,10.0.25.239,1,1
89.106279035895,node[152],10.0.25.239,95.103559592346,92.106279035895,10.0.25.239,10.0.25.239,1,1
89.106279056939,node[190],10.0.25.239,95.103559720406,92.106279056939,10.0.25.239,10.0.25.239,1,1
89.106922800133,node[127],10.0.2.55,95.105629974413,92.106922800133,10.0.2.55,10.0.2.55,1,1
89.106922804705,node[32],10.0.2.55,95.105629819591,92.106922804705,10.0.2.55,10.0.2.55,1,1
89.106922833716,node[190],10.0.2.55,95.105630007955,92.106922833716,10.0.2.55,10.0.2.55,1,1
89.106922849381,node[95],10.0.2.55,95.105630023538,92.106922849381,10.0.2.55,10.0.2.55,1,1
89.106922965603,node[36],10.0.2.55,95.105630135877,92.106922965603,10.0.2.55,10.0.2.55,1,1
89.106923006531,node[171],10.0.2.55,95.105630278241,92.106923006531,10.0.2.55,10.0.2.55,1,1
89.106923006531,node[171],10.0.0.9,97.54387799656,94.546923006531,10.0.34.143,10.0.2.55,2,2
89.106923012052,node[191],10.0.2.55,95.105630261496,92.106923012052,10.0.2.55,10.0.2.55,1,1
89.106923012052,node[191],10.0.0.9,97.543384561809,94.546923012052,10.0.8.244,10.0.2.55,2,2
89.106923024078,node[50],10.0.2.55,95.105630283975,92.106923024078,10.0.2.55,10.0.2.55,1,1
89.106923024078,node[50],10.0.0.9,97.54387799924,94.546923024078,10.0.34.143,10.0.2.55,2,2
89.106923031693,node[56],10.0.2.55,95.105630310885,92.106923031693,10.0.2.55,10.0.2.55,1,1
89.106923031693,node[56],10.0.0.9,97.54387805843,94.546923031693,10.0.34.143,10.0.2.55,2,2
89.106923034862,node[18],10.0.2.55,95.10563027853,92.106923034862,10.0.2.55,10.0.2.55,1,1
89.106923034862,node[18],10.0.0.9,91.9003998085,94.546923034862,10.0.34.143,10.0.2.55,2,2
89.10692305846,node[13],10.0.0.9,97.543878103812,94.54692305846,10.0.34.143,10.0.2.55,2,2
89.106923061733,rsu[0],10.0.2.55,95.105630218637,92.106923061733,10.0.2.55,10.0.2.55,1,1
89.106923101807,node[157],10.0.2.55,95.10563018223,92.106923101807,10.0.2.55,10.0.2.55,1,1
89.10692312396,node[145],10.0.2.55,95.105630255645,92.10692312396,10.0.2.55,10.0.2.55,1,1
89.106923141106,node[153],10.0.0.9,97.543878200134,94.546923141106,10.0.34.143,10.0.2.55,2,2
89.107964601804,rsu[0],10.0.10.8,95.103208947276,92.107964601804,10.0.10.8,10.0.10.8,1,1
89.107964655486,node[95],10.0.10.8,95.103208941449,92.107964655486,10.0.10.8,10.0.10.8,1,1
89.10796466907,node[32],10.0.10.8,95.103209018251,92.10796466907,10.0.10.8,10.0.10.8,1,1
89.107964695904,node[157],10.0.10.8,95.103208971559,92.107964695904,10.0.10.8,10.0.10.8,1,1
89.107964758422,node[7],10.0.10.8,95.103209043782,92.107964758422,10.0.10.8,10.0.10.8,1,1
89.107964758882,node[102],10.0.10.8,95.103209103341,92.107964758882,10.0.10.8,10.0.10.8,1,1
89.107964804062,node[131],10.0.10.8,95.103209097095,92.107964804062,10.0.10.8,10.0.10.8,1,1
89.107964869633,node[145],10.0.10.8,95.103209193286,92.107964869633,10.0.10.8,10.0.10.8,1,1
89.107964919922,node[127],10.0.10.8,95.103209209198,92.107964919922,10.0.10.8,10.0.10.8,1,1
89.108181360256,node[7],10.0.5.46,92.108181360256,98.108181360256,10.0.5.46,10.0.5.46,1,1
89.109147747928,rsu[0],10.0.2.55,92.106923061733,92.109147747928,10.0.2.55,10.0.2.55,1,1
89.109147747928,rsu[0],10.0.5.46,104.019438,98.109147747928,10.0.34.143,10.0.2.55,2,2
