30,rsu[0],10.0.1.242,RREQ_SENT
30.32,rsu[0],10.0.1.242,RREQ_SENT
30.8,rsu[0],10.0.1.242,RREQ_SENT
31.44,rsu[0],10.0.1.242,RREQ_SENT
32.24,rsu[0],10.0.1.242,RREQ_SENT
33.2,rsu[0],10.0.1.242,RREQ_SENT
33.218040221944,node[59],10.0.1.242,RREP_RECV
33.219861795941,node[176],10.0.1.242,RREP_RECV
33.223218453004,node[59],10.0.1.242,RREP_RECV
34.219135759923,node[151],10.0.1.242,RREP_RECV
34.221583444689,node[183],10.0.1.242,RREP_RECV
34.221851865601,node[183],10.0.1.242,RREP_RECV
34.222296806004,node[187],10.0.1.242,RREP_RECV
34.227064726716,node[8],10.0.1.242,RREP_RECV
34.22735931737,node[8],10.0.1.242,RREP_RECV
34.227677445581,node[238],10.0.1.242,RREP_RECV
34.228863491976,node[186],10.0.1.242,RREP_RECV
34.230161817382,node[186],10.0.1.242,RREP_RECV
34.231317610169,node[33],10.0.1.242,RREP_RECV
34.231792761808,node[63],10.0.1.242,RREP_RECV
34.232204352526,node[63],10.0.1.242,RREP_RECV
34.233359717525,node[64],10.0.1.242,RREP_RECV
34.23413803504,node[5],10.0.1.242,RREP_RECV
34.234733684894,node[96],10.0.1.242,RREP_RECV
34.235953315974,node[64],10.0.1.242,RREP_RECV
34.237063083966,node[96],10.0.1.242,RREP_RECV
34.239460630399,node[50],10.0.1.242,RREP_RECV
34.240204358424,node[14],10.0.1.242,RREP_RECV
34.240524698184,node[14],10.0.1.242,RREP_RECV
34.240716502527,node[188],10.0.1.242,RREP_RECV
34.242398531778,node[130],10.0.1.242,RREP_RECV
34.243591634113,node[7],10.0.1.242,RREP_RECV
34.24427649353,node[130],10.0.1.242,RREP_RECV
34.245302116741,rsu[0],10.0.1.242,RREP_RECV
34.248366983055,rsu[0],10.0.1.242,RREP_RECV
34.251205989195,node[35],10.0.1.242,RREP_RECV
34.254239463777,node[6],10.0.0.9,RREQ_SENT
34.256509789108,node[6],10.0.0.9,RREP_RECV
34.257828829693,node[6],10.0.0.9,RREP_RECV
34.260071138509,node[6],10.0.0.9,RREP_RECV
34.260570422798,node[49],10.0.0.9,RREP_RECV
34.263343615903,node[6],10.0.0.9,RREP_RECV
34.279448723814,node[33],10.0.1.173,RERR_SENT
34.299534665407,node[130],10.0.4.26,RERR_SENT
34.300979496355,node[130],10.0.1.242,RREQ_SENT
34.307287429056,node[238],10.0.0.9,RREQ_SENT
34.388852313538,node[8],10.0.49.167,RERR_SENT
34.391203543185,node[64],10.0.1.242,RREQ_SENT
34.4,rsu[0],10.0.1.242,RREQ_SENT
34.400633893223,node[63],10.0.1.242,RREQ_SENT
34.620979496355,node[130],10.0.1.242,RREQ_SENT
34.627287429056,node[238],10.0.0.9,RREQ_SENT
34.711203543185,node[64],10.0.1.242,RREQ_SENT
34.72,rsu[0],10.0.1.242,RREQ_SENT
34.720633893223,node[63],10.0.1.242,RREQ_SENT
35.100979496355,node[130],10.0.1.242,RREQ_SENT
35.107287429056,node[238],10.0.0.9,RREQ_SENT
35.117826306441,node[99],10.0.0.9,RREP_RECV
35.11867949675,node[99],10.0.0.9,RREP_RECV
35.11991001927,node[102],10.0.0.9,RREP_RECV
35.121634759361,node[99],10.0.0.9,RREP_RECV
35.1224912717,node[99],10.0.0.9,RREP_RECV
35.123036498312,node[99],10.0.0.9,RREP_RECV
35.123382845414,node[33],10.0.0.9,RREP_RECV
35.123963148059,node[102],10.0.0.9,RREP_RECV
35.124244520576,node[99],10.0.0.9,RREP_RECV
35.124513267086,node[102],10.0.0.9,RREP_RECV
35.12528374128,node[33],10.0.0.9,RREP_RECV
35.125578435484,node[33],10.0.0.9,RREP_RECV
35.126329314104,node[238],10.0.0.9,RREP_RECV
35.126639602872,node[99],10.0.0.9,RREP_RECV
35.126894949974,node[33],10.0.0.9,RREP_RECV
35.127241224247,node[238],10.0.0.9,RREP_RECV
35.127408513015,node[99],10.0.0.9,RREP_RECV
35.127663860117,node[33],10.0.0.9,RREP_RECV
35.128582651413,node[33],10.0.0.9,RREP_RECV
35.129794801245,node[99],10.0.0.9,RREP_RECV
35.131458501972,node[238],10.0.0.9,RREP_RECV
35.132006470449,node[33],10.0.0.9,RREP_RECV
35.132924713199,node[33],10.0.0.9,RREP_RECV
35.133167407403,node[33],10.0.0.9,RREP_RECV
35.134917162972,node[238],10.0.0.9,RREP_RECV
35.135211711518,node[238],10.0.0.9,RREP_RECV
35.137339292008,node[238],10.0.0.9,RREP_RECV
35.140945710888,node[238],10.0.0.9,RREP_RECV
35.141889953638,node[238],10.0.0.9,RREP_RECV
35.143483890592,node[238],10.0.0.9,RREP_RECV
35.191203543185,node[64],10.0.1.242,RREQ_SENT
35.2,rsu[0],10.0.1.242,RREQ_SENT
35.200633893223,node[63],10.0.1.242,RREQ_SENT
35.218482492053,node[207],10.0.1.242,RREP_RECV
35.224185569701,node[234],10.0.1.242,RREP_RECV
35.22565308485,node[183],10.0.1.242,RREP_RECV
35.229753558107,node[8],10.0.1.242,RREP_RECV
35.230060815984,node[186],10.0.1.242,RREP_RECV
35.233108909158,node[63],10.0.1.242,RREP_RECV
35.256090702502,rsu[0],10.0.1.242,RREP_RECV
35.282302610613,node[234],10.0.23.61,RERR_SENT
35.288632008383,node[238],10.0.9.57,RERR_SENT
35.289331886549,node[35],10.0.2.55,RERR_SENT
35.293392418627,node[238],10.0.0.9,RREQ_SENT
35.297853544906,node[187],10.0.0.9,RREQ_SENT
35.301222103559,node[35],10.0.1.242,RREQ_SENT
35.307652419937,node[5],10.0.9.57,RERR_SENT
35.4,rsu[0],10.0.1.242,RREQ_SENT
35.613392418627,node[238],10.0.0.9,RREQ_SENT
35.617853544906,node[187],10.0.0.9,RREQ_SENT
35.618175914097,node[238],10.0.0.9,RREP_RECV
35.620403071384,node[238],10.0.0.9,RREP_RECV
35.621222103559,node[35],10.0.1.242,RREQ_SENT
35.625483295823,node[81],10.0.0.9,RREP_RECV
35.628559667522,node[112],10.0.0.9,RREP_RECV
35.633785068986,node[34],10.0.0.9,RREP_RECV
35.635903156273,node[187],10.0.0.9,RREP_RECV
35.636250064391,node[238],10.0.0.9,RREP_RECV
35.72,rsu[0],10.0.1.242,RREQ_SENT
35.740979496355,node[130],10.0.1.242,RREQ_SENT
35.748004057546,node[240],10.0.1.242,RREP_RECV
35.74966623098,node[110],10.0.1.242,RREP_RECV
35.831203543185,node[64],10.0.1.242,RREQ_SENT
35.832880635147,node[64],10.0.1.242,RREP_RECV
35.837568896092,node[8],10.0.1.242,RREQ_SENT
35.84477984395,node[146],10.0.1.242,RREP_RECV
35.846775014109,node[200],10.0.1.242,RREP_RECV
35.849631374674,node[165],10.0.1.242,RREP_RECV
35.851148326666,node[64],10.0.1.242,RREP_RECV
35.853418754635,node[268],10.0.1.242,RREP_RECV
35.855326304047,node[181],10.0.1.242,RREP_RECV
35.859891400224,node[64],10.0.1.242,RREP_RECV
36.101222103559,node[35],10.0.1.242,RREQ_SENT
36.157568896092,node[8],10.0.1.242,RREQ_SENT
36.169005791501,node[156],10.0.1.242,RREP_RECV
36.171112538886,node[156],10.0.1.242,RREP_RECV
36.175591762085,node[198],10.0.1.242,RREP_RECV
36.178834546069,node[183],10.0.1.242,RREP_RECV
36.183915724421,node[8],10.0.1.242,RREP_RECV
36.184342193929,node[186],10.0.1.242,RREP_RECV
36.186358395893,node[63],10.0.1.242,RREP_RECV
36.2,rsu[0],10.0.1.242,RREQ_SENT
36.20492286471,node[10],10.0.1.242,RREP_RECV
36.205269338385,node[40],10.0.1.242,RREP_RECV
36.208548873617,node[232],10.0.1.242,RREP_RECV
36.210138495533,node[10],10.0.1.242,RREP_RECV
36.21052496433,node[40],10.0.1.242,RREP_RECV
36.211710436715,node[240],10.0.1.242,RREP_RECV
36.212854992715,node[96],10.0.1.242,RREP_RECV
36.213618022619,node[265],10.0.1.242,RREP_RECV
36.214016485373,node[265],10.0.1.242,RREP_RECV
36.216650565757,node[96],10.0.1.242,RREP_RECV
36.217244004768,node[265],10.0.1.242,RREP_RECV
36.218179044565,node[258],10.0.1.242,RREP_RECV
36.218525737763,node[258],10.0.1.242,RREP_RECV
36.219648680417,node[258],10.0.1.242,RREP_RECV
36.220778685858,rsu[0],10.0.1.242,RREP_RECV
36.22131654395,node[265],10.0.1.242,RREP_RECV
36.221585225696,rsu[0],10.0.1.242,RREP_RECV
36.22182789599,rsu[0],10.0.1.242,RREP_RECV
36.224014546979,node[258],10.0.1.242,RREP_RECV
36.238693576922,rsu[0],10.0.1.242,RREP_RECV
36.296495161087,node[238],10.0.0.9,RREP_RECV
36.540979496355,node[130],10.0.1.242,RREQ_SENT
36.542496300539,node[130],10.0.1.242,RREP_RECV
36.544204576956,node[130],10.0.1.242,RREP_RECV
36.54541829641,node[130],10.0.1.242,RREP_RECV
36.629841216789,node[34],10.0.0.9,RREP_RECV
36.637568896092,node[8],10.0.1.242,RREQ_SENT
36.64497880007,node[198],10.0.1.242,RREP_RECV
36.649377096188,node[198],10.0.1.242,RREP_RECV
36.64980193314,node[234],10.0.1.242,RREP_RECV
36.651103044699,node[183],10.0.1.242,RREP_RECV
36.653523249797,node[183],10.0.1.242,RREP_RECV
36.654019731438,node[8],10.0.1.242,RREP_RECV
36.656349598011,node[183],10.0.1.242,RREP_RECV
36.657599629404,node[8],10.0.1.242,RREP_RECV
36.663392029469,node[8],10.0.1.242,RREP_RECV
36.696774853241,node[234],10.0.1.242,RREP_RECV
36.712864141424,rsu[0],10.0.69.222,RERR_SENT
36.734957906828,node[183],10.0.1.242,RREP_RECV
36.735867017252,node[8],10.0.1.242,RREP_RECV
36.741222103559,node[35],10.0.1.242,RREQ_SENT
36.753900552321,node[239],10.0.1.242,RREP_RECV
36.754870195667,node[239],10.0.1.242,RREP_RECV
36.759536085609,node[239],10.0.1.242,RREP_RECV
36.762818077173,node[265],10.0.1.242,RREP_RECV
36.764053728351,node[258],10.0.1.242,RREP_RECV
36.7670989699,rsu[0],10.0.1.242,RREP_RECV
36.782474782143,node[244],10.0.0.9,RERR_SENT
36.784095599059,node[244],10.0.0.9,RREQ_SENT
36.791070462615,node[244],10.0.0.9,RREP_RECV
36.797615675189,node[33],10.0.1.173,RERR_SENT
36.8,rsu[0],10.0.1.242,RREQ_SENT
36.818130473097,node[7],10.0.66.24,RERR_SENT
36.835475884255,node[123],10.0.1.242,RREP_RECV
36.839940176782,node[64],10.0.1.242,RREP_RECV
37.12,rsu[0],10.0.1.242,RREQ_SENT
37.171424944648,node[234],10.0.1.242,RREP_RECV
37.17554251054,node[183],10.0.1.242,RREP_RECV
37.17980944881,node[8],10.0.1.242,RREP_RECV
37.207276375688,node[158],10.0.1.242,RREP_RECV
37.208341123906,node[40],10.0.1.242,RREP_RECV
37.211758963828,node[70],10.0.1.242,RREP_RECV
37.215943384001,node[14],10.0.1.242,RREP_RECV
37.219992857334,node[14],10.0.1.242,RREP_RECV
37.220573919508,node[258],10.0.1.242,RREP_RECV
37.22090777326,node[14],10.0.1.242,RREP_RECV
37.221241125933,node[130],10.0.1.242,RREP_RECV
37.221900158867,node[130],10.0.1.242,RREP_RECV
37.223377310995,rsu[0],10.0.1.242,RREP_RECV
37.228750305525,node[187],10.0.0.9,RREQ_SENT
37.541222103559,node[35],10.0.1.242,RREQ_SENT
37.543510932962,node[35],10.0.1.242,RREP_RECV
37.548666740565,node[107],10.0.1.242,RREP_RECV
37.548750305525,node[187],10.0.0.9,RREQ_SENT
37.554399664737,node[35],10.0.1.242,RREP_RECV
37.648967256498,node[227],10.0.1.242,RREP_RECV
37.649745988051,node[183],10.0.1.242,RREP_RECV
37.652419328355,node[8],10.0.1.242,RREP_RECV
37.73072529125,node[105],10.0.1.242,RREP_RECV
37.734971819008,node[70],10.0.1.242,RREP_RECV
37.737892018714,node[14],10.0.1.242,RREP_RECV
37.741962625283,node[258],10.0.1.242,RREP_RECV
37.744096021018,rsu[0],10.0.1.242,RREP_RECV
38.028750305525,node[187],10.0.0.9,RREQ_SENT
38.038708313014,node[274],10.0.0.9,RREP_RECV
38.039655177446,node[273],10.0.0.9,RREP_RECV
38.039744588684,node[274],10.0.0.9,RREP_RECV
38.043372153329,node[71],10.0.0.9,RREP_RECV
38.043666669513,node[279],10.0.0.9,RREP_RECV
38.04421122428,node[81],10.0.0.9,RREP_RECV
38.045147449261,node[273],10.0.0.9,RREP_RECV
38.045267707076,node[81],10.0.0.9,RREP_RECV
38.045613909475,node[112],10.0.0.9,RREP_RECV
38.047458675786,node[34],10.0.0.9,RREP_RECV
38.04843322194,node[187],10.0.0.9,RREP_RECV
38.048938624097,node[112],10.0.0.9,RREP_RECV
38.049766816582,node[279],10.0.0.9,RREP_RECV
38.057934123217,node[34],10.0.0.9,RREP_RECV
38.067477155929,node[187],10.0.0.9,RREP_RECV
38.068286382042,node[14],10.0.69.222,RERR_SENT
38.071075289084,node[14],10.0.0.9,RREQ_SENT
38.206115850574,node[170],10.0.1.242,RREP_RECV
38.207678475842,node[170],10.0.1.242,RREP_RECV
38.208677878976,node[40],10.0.1.242,RREP_RECV
38.208972147732,node[40],10.0.1.242,RREP_RECV
38.209427465012,node[70],10.0.1.242,RREP_RECV
38.209889986332,node[70],10.0.1.242,RREP_RECV
38.211245118183,node[14],10.0.1.242,RREP_RECV
38.212174303923,node[70],10.0.0.9,RREQ_SENT
38.212520532865,node[14],10.0.1.242,RREP_RECV
38.21448526682,node[14],10.0.69.222,RREQ_SENT
38.227346178267,node[14],10.0.69.222,RREP_RECV
38.227602111441,node[282],10.0.0.9,RREP_RECV
38.227870741063,node[282],10.0.1.242,RREP_RECV
38.230794819805,node[107],10.0.1.242,RREP_RECV
38.235459556614,node[35],10.0.1.242,RREP_RECV
38.247515215714,node[14],10.0.69.222,RREP_RECV
38.248095320536,node[14],10.0.69.222,RREP_RECV
38.248350870652,node[14],10.0.0.9,RREP_RECV
38.248861425116,node[258],10.0.1.242,RREP_RECV
38.249411354725,node[258],10.0.1.242,RREP_RECV
38.2500116818,rsu[0],10.0.1.242,RREP_RECV
38.253952770536,rsu[0],10.0.1.242,RREP_RECV
38.532174303923,node[70],10.0.0.9,RREQ_SENT
38.536678875301,node[70],10.0.0.9,RREP_RECV
38.544596605636,node[265],10.0.0.9,RREP_RECV
38.548025575318,node[70],10.0.0.9,RREP_RECV
39.016162,rsu[0],10.0.69.222,RERR_SENT
39.043146025007,node[71],10.0.0.9,RREP_RECV
39.047599862123,node[273],10.0.0.9,RREP_RECV
39.04985925149,node[279],10.0.0.9,RREP_RECV
39.051811516535,node[187],10.0.0.9,RREP_RECV
39.1,rsu[0],10.0.1.242,RREQ_SENT
39.227128894415,node[229],10.0.0.9,RREP_RECV
39.23117611023,node[265],10.0.0.9,RREP_RECV
39.231934708417,node[70],10.0.0.9,RREP_RECV
39.42,rsu[0],10.0.1.242,RREQ_SENT
39.9,rsu[0],10.0.1.242,RREQ_SENT
39.920625143964,node[260],10.0.1.242,RREP_RECV
39.921479616965,node[71],10.0.1.242,RREP_RECV
39.922138397408,node[273],10.0.1.242,RREP_RECV
39.922446215224,node[71],10.0.1.242,RREP_RECV
39.92306534403,node[260],10.0.1.242,RREP_RECV
39.92364619636,node[71],10.0.1.242,RREP_RECV
39.923953556922,node[71],10.0.1.242,RREP_RECV
39.924862667834,node[39],10.0.1.242,RREP_RECV
39.925196408442,node[39],10.0.1.242,RREP_RECV
39.926109813015,node[71],10.0.1.242,RREP_RECV
39.926482183319,node[39],10.0.1.242,RREP_RECV
39.927507848923,node[14],10.0.1.242,RREP_RECV
39.927903803799,node[39],10.0.1.242,RREP_RECV
39.928198025667,node[14],10.0.1.242,RREP_RECV
39.928440928878,node[39],10.0.1.242,RREP_RECV
39.928997243742,node[14],10.0.1.242,RREP_RECV
39.929389123143,node[14],10.0.1.242,RREP_RECV
39.930109687815,node[282],10.0.1.242,RREP_RECV
39.930508285175,node[282],10.0.1.242,RREP_RECV
39.931124716451,rsu[0],10.0.1.242,RREP_RECV
39.931834621036,node[282],10.0.1.242,RREP_RECV
39.932657363449,node[14],10.0.1.242,RREP_RECV
39.933016816651,node[282],10.0.1.242,RREP_RECV
39.934176088216,rsu[0],10.0.1.242,RREP_RECV
39.934711436537,node[282],10.0.1.242,RREP_RECV
39.936782745205,rsu[0],10.0.1.242,RREP_RECV
39.938526153278,rsu[0],10.0.1.242,RREP_RECV
39.939431434128,rsu[0],10.0.1.242,RREP_RECV
39.960444926843,node[198],10.0.47.196,RERR_SENT
39.97309473305,node[198],10.0.1.242,RREQ_SENT
40.200120341362,node[282],10.0.1.242,RREQ_SENT
40.29309473305,node[198],10.0.1.242,RREQ_SENT
40.299098852818,node[176],10.0.1.242,RREP_RECV
40.312863675815,node[176],10.0.53.178,RERR_SENT
40.520120341362,node[282],10.0.1.242,RREQ_SENT
40.77309473305,node[198],10.0.1.242,RREQ_SENT
40.784736386827,node[85],10.0.1.242,RREP_RECV
40.785570148804,node[59],10.0.1.242,RREP_RECV
40.79020381672,node[207],10.0.1.242,RREP_RECV
40.791203604915,node[260],10.0.1.242,RREP_RECV
40.794322292253,node[59],10.0.1.242,RREP_RECV
40.7956935776,node[260],10.0.1.242,RREP_RECV
40.804477454947,node[198],10.0.1.242,RREP_RECV
40.805142039845,node[198],10.0.1.242,RREP_RECV
41.000120341362,node[282],10.0.1.242,RREQ_SENT
41.008465319872,node[183],10.0.1.242,RREP_RECV
41.010179692136,node[183],10.0.1.242,RREP_RECV
41.012014563354,node[170],10.0.1.242,RREP_RECV
41.013156928289,node[227],10.0.1.242,RREP_RECV
41.013823891601,node[183],10.0.1.242,RREP_RECV
41.014092257006,node[170],10.0.1.242,RREP_RECV
41.015161025479,node[170],10.0.1.242,RREP_RECV
41.01618767296,node[64],10.0.1.242,RREP_RECV
41.016625284074,node[64],10.0.1.242,RREP_RECV
41.017063133672,node[64],10.0.1.242,RREP_RECV
41.018151242806,node[14],10.0.1.242,RREP_RECV
41.018393735598,node[14],10.0.1.242,RREP_RECV
41.018945315361,node[14],10.0.1.242,RREP_RECV
41.01988749366,node[282],10.0.1.242,RREP_RECV
41.020741872033,node[282],10.0.1.242,RREP_RECV
41.022082681006,node[282],10.0.1.242,RREP_RECV
41.050940348403,node[59],10.0.47.196,RERR_SENT
41.101828795189,node[59],10.0.1.242,RREQ_SENT
41.421828795189,node[59],10.0.1.242,RREQ_SENT
41.462293800042,node[207],10.0.1.242,RREP_RECV
41.462692147115,node[59],10.0.1.242,RREP_RECV
41.471331480224,node[59],10.0.1.242,RREP_RECV
41.474447302912,node[156],10.0.1.242,RREP_RECV
41.5,rsu[0],10.0.1.242,RREQ_SENT
41.82,rsu[0],10.0.1.242,RREQ_SENT
42.012164835593,node[227],10.0.1.242,RREP_RECV
42.014253418815,node[183],10.0.1.242,RREP_RECV
42.015492387614,node[170],10.0.1.242,RREP_RECV
42.015851689788,node[64],10.0.1.242,RREP_RECV
42.020174877653,node[14],10.0.1.242,RREP_RECV
42.023838887691,node[282],10.0.1.242,RREP_RECV
42.3,rsu[0],10.0.1.242,RREQ_SENT
42.94,rsu[0],10.0.1.242,RREQ_SENT
42.960231173141,node[273],10.0.1.242,RREP_RECV
42.960487004724,node[234],10.0.1.242,RREP_RECV
42.960768699118,node[234],10.0.1.242,RREP_RECV
42.961037346774,node[234],10.0.1.242,RREP_RECV
42.961526951078,node[234],10.0.1.242,RREP_RECV
42.961769643982,node[234],10.0.1.242,RREP_RECV
42.96202496281,node[183],10.0.1.242,RREP_RECV
42.962332600466,node[183],10.0.1.242,RREP_RECV
42.962924862804,node[183],10.0.1.242,RREP_RECV
42.96412218824,node[198],10.0.1.242,RREP_RECV
42.964403990958,node[183],10.0.1.242,RREP_RECV
42.966471307005,node[279],10.0.1.242,RREP_RECV
42.967345267955,node[279],10.0.1.242,RREP_RECV
42.967718172035,node[183],10.0.1.242,RREP_RECV
42.970706725133,node[273],10.0.1.242,RREP_RECV
42.971532563349,node[273],10.0.1.242,RREP_RECV
42.972967841468,node[198],10.0.1.242,RREP_RECV
42.975808275415,node[198],10.0.1.242,RREP_RECV
43.74,rsu[0],10.0.1.242,RREQ_SENT
43.955055383187,node[22],10.0.1.242,RREP_RECV
43.960592562445,node[234],10.0.1.242,RREP_RECV
43.960952229818,node[295],10.0.1.242,RREP_RECV
43.963605392689,node[186],10.0.1.242,RREP_RECV
43.963874070441,node[186],10.0.1.242,RREP_RECV
43.964233748193,node[186],10.0.1.242,RREP_RECV
43.964515425945,node[186],10.0.1.242,RREP_RECV
43.964901103697,node[186],10.0.1.242,RREP_RECV
43.965143781449,node[186],10.0.1.242,RREP_RECV
43.965412066496,node[63],10.0.1.242,RREP_RECV
43.966164985886,node[126],10.0.1.242,RREP_RECV
43.966733145002,node[39],10.0.1.242,RREP_RECV
43.966988967309,node[63],10.0.1.242,RREP_RECV
43.967335723232,node[39],10.0.1.242,RREP_RECV
43.967630545539,node[63],10.0.1.242,RREP_RECV
43.967873115633,node[63],10.0.1.242,RREP_RECV
43.968128871556,node[39],10.0.1.242,RREP_RECV
43.968628380589,node[63],10.0.1.242,RREP_RECV
43.968883950683,node[63],10.0.1.242,RREP_RECV
43.969706235547,node[63],10.0.1.242,RREP_RECV
43.970274491342,node[14],10.0.1.242,RREP_RECV
43.970686270445,node[96],10.0.1.242,RREP_RECV
43.971071988883,node[96],10.0.1.242,RREP_RECV
43.971444707321,node[96],10.0.1.242,RREP_RECV
43.97180416298,node[14],10.0.1.242,RREP_RECV
43.972072942083,node[96],10.0.1.242,RREP_RECV
43.972393660521,node[96],10.0.1.242,RREP_RECV
43.97264911618,node[14],10.0.1.242,RREP_RECV
43.972995895283,node[96],10.0.1.242,RREP_RECV
43.973290156355,node[265],10.0.1.242,RREP_RECV
43.974046127734,node[14],10.0.1.242,RREP_RECV
43.97458833473,node[250],10.0.1.242,RREP_RECV
43.974872919033,node[96],10.0.1.242,RREP_RECV
43.975271180105,node[265],10.0.1.242,RREP_RECV
43.975539508352,node[14],10.0.1.242,RREP_RECV
43.975833644454,node[14],10.0.1.242,RREP_RECV
43.976231780556,node[14],10.0.1.242,RREP_RECV
43.976525973577,node[265],10.0.1.242,RREP_RECV
43.976768359619,node[265],10.0.1.242,RREP_RECV
43.977062745661,node[265],10.0.1.242,RREP_RECV
43.97749071704,node[14],10.0.1.242,RREP_RECV
43.977862853142,node[14],10.0.1.242,RREP_RECV
43.978424989244,node[14],10.0.1.242,RREP_RECV
43.978680182265,node[265],10.0.1.242,RREP_RECV
43.978974545056,node[250],10.0.1.242,RREP_RECV
43.979243270638,node[250],10.0.1.242,RREP_RECV
43.97951199622,node[250],10.0.1.242,RREP_RECV
43.979871670655,node[265],10.0.1.242,RREP_RECV
43.980239083694,node[250],10.0.1.242,RREP_RECV
43.98080212092,node[250],10.0.1.242,RREP_RECV
43.981044795355,node[265],10.0.1.242,RREP_RECV
43.981287181397,node[265],10.0.1.242,RREP_RECV
43.98231471565,node[265],10.0.1.242,RREP_RECV
43.982882643556,rsu[0],10.0.1.242,RREP_RECV
43.983125527807,node[250],10.0.1.242,RREP_RECV
43.98338073103,rsu[0],10.0.1.242,RREP_RECV
43.983714615281,node[250],10.0.1.242,RREP_RECV
43.984860037842,rsu[0],10.0.1.242,RREP_RECV
43.985102444288,rsu[0],10.0.1.242,RREP_RECV
43.985689373093,node[250],10.0.1.242,RREP_RECV
43.986861911731,node[250],10.0.1.242,RREP_RECV
43.9874615214,rsu[0],10.0.1.242,RREP_RECV
43.989379957744,rsu[0],10.0.1.242,RREP_RECV
43.98963536419,rsu[0],10.0.1.242,RREP_RECV
43.99091985811,rsu[0],10.0.1.242,RREP_RECV
43.993703745454,rsu[0],10.0.1.242,RREP_RECV
43.994472433864,rsu[0],10.0.1.242,RREP_RECV
44.754202623792,node[70],10.0.1.242,RREP_RECV
44.756054365703,node[10],10.0.1.242,RREP_RECV
44.757155697486,node[14],10.0.1.242,RREP_RECV
44.758059019879,node[265],10.0.1.242,RREP_RECV
44.758470383096,node[250],10.0.1.242,RREP_RECV
44.759841609529,node[14],10.0.1.242,RREP_RECV
44.761011955924,node[23],10.0.1.242,RREP_RECV
44.761658143917,node[234],10.0.1.242,RREP_RECV
44.762291302011,node[295],10.0.1.242,RREP_RECV
44.76254714958,node[260],10.0.1.242,RREP_RECV
44.762799672374,node[265],10.0.1.242,RREP_RECV
44.762984598666,node[260],10.0.1.242,RREP_RECV
44.763042238666,rsu[0],10.0.1.242,RREP_RECV
44.763600131952,node[250],10.0.1.242,RREP_RECV
44.763829037397,node[126],10.0.1.242,RREP_RECV
44.765049609986,node[260],10.0.1.242,RREP_RECV
44.765695359458,node[23],10.0.1.242,RREP_RECV
44.765976626992,node[295],10.0.1.242,RREP_RECV
44.766284337497,node[23],10.0.1.242,RREP_RECV
44.766721837145,node[23],10.0.1.242,RREP_RECV
44.767016551384,node[63],10.0.1.242,RREP_RECV
44.767389328929,node[295],10.0.1.242,RREP_RECV
44.767699406909,rsu[0],10.0.1.242,RREP_RECV
44.769583984535,node[96],10.0.1.242,RREP_RECV
44.770130518532,node[295],10.0.1.242,RREP_RECV
44.770780173632,node[126],10.0.1.242,RREP_RECV
44.77103554515,node[126],10.0.1.242,RREP_RECV
44.772126264716,node[14],10.0.1.242,RREP_RECV
44.772320146,node[63],10.0.1.242,RREP_RECV
44.773693097412,node[265],10.0.1.242,RREP_RECV
44.774624685934,node[250],10.0.1.242,RREP_RECV
44.774782599361,node[126],10.0.1.242,RREP_RECV
44.775485012077,node[96],10.0.1.242,RREP_RECV
44.775805952272,node[63],10.0.1.242,RREP_RECV
44.777826199461,rsu[0],10.0.1.242,RREP_RECV
44.778136588017,node[14],10.0.1.242,RREP_RECV
44.77949725845,node[96],10.0.1.242,RREP_RECV
44.779857198645,node[63],10.0.1.242,RREP_RECV
44.782339813717,node[265],10.0.1.242,RREP_RECV
44.782867825928,node[14],10.0.1.242,RREP_RECV
44.783613472682,node[96],10.0.1.242,RREP_RECV
44.785331413189,node[250],10.0.1.242,RREP_RECV
44.785799271099,node[265],10.0.1.242,RREP_RECV
44.786339285372,rsu[0],10.0.1.242,RREP_RECV
44.788001554647,node[14],10.0.1.242,RREP_RECV
44.78837413182,node[250],10.0.1.242,RREP_RECV
44.791740865173,node[265],10.0.1.242,RREP_RECV
44.793009058201,rsu[0],10.0.1.242,RREP_RECV
44.793517133849,node[250],10.0.1.242,RREP_RECV
44.795859101117,rsu[0],10.0.1.242,RREP_RECV
45.013442486854,node[250],10.0.71.193,RERR_SENT
45.025299230935,node[265],10.0.67.182,RERR_SENT
45.028164781444,node[265],10.0.0.9,RREQ_SENT
45.037139567342,node[282],10.0.0.9,RREP_RECV
45.041417626869,node[265],10.0.0.9,RREP_RECV
45.04364789557,node[6],10.0.75.135,RERR_SENT
45.063740139396,node[265],10.0.76.86,RERR_SENT
45.071424130876,node[10],10.0.0.9,RREQ_SENT
45.077557263893,node[14],10.0.0.9,RREQ_SENT
45.086020648195,node[279],10.0.0.9,RREQ_SENT
45.088904182704,node[273],10.0.0.9,RREQ_SENT
45.1,rsu[0],10.0.1.242,RREQ_SENT
45.391424130876,node[10],10.0.0.9,RREQ_SENT
45.3964940969,node[105],10.0.0.9,RREP_RECV
45.397557263893,node[14],10.0.0.9,RREQ_SENT
45.399514330819,node[4],10.0.0.9,RREP_RECV
45.401666708814,node[10],10.0.0.9,RREP_RECV
45.406020648195,node[279],10.0.0.9,RREQ_SENT
45.407029927969,node[14],10.0.0.9,RREP_RECV
45.408904182704,node[273],10.0.0.9,RREQ_SENT
45.413024293224,node[273],10.0.0.9,RREP_RECV
45.42,rsu[0],10.0.1.242,RREQ_SENT
45.42935245711,node[373],10.0.71.193,RERR_SENT
45.434722802925,node[70],10.0.0.9,RREP_RECV
45.436984314192,node[273],10.0.0.9,RREP_RECV
45.439480252165,node[105],10.0.100.221,RERR_SENT
45.439795616929,node[373],10.0.0.9,RREQ_SENT
45.447686096224,node[273],10.0.0.9,RREP_RECV
45.450547200573,node[282],10.0.0.9,RREP_RECV
45.451920875015,node[10],10.0.0.9,RREP_RECV
45.452267410157,node[70],10.0.0.9,RREP_RECV
45.453720177245,node[273],10.0.0.9,RREP_RECV
45.453939750454,node[373],10.0.0.9,RREP_RECV
45.877557263893,node[14],10.0.0.9,RREQ_SENT
45.87924947582,node[232],10.0.0.9,RREP_RECV
45.879518172896,node[14],10.0.0.9,RREP_RECV
45.880350216235,node[232],10.0.0.9,RREP_RECV
45.880787917826,node[14],10.0.0.9,RREP_RECV
45.881511474242,node[14],10.0.0.9,RREP_RECV
45.883142581703,node[14],10.0.0.9,RREP_RECV
45.883742556987,node[14],10.0.0.9,RREP_RECV
45.884563754405,node[64],10.0.0.9,RREP_RECV
45.886020648195,node[279],10.0.0.9,RREQ_SENT
45.886672103386,node[10],10.0.0.9,RREP_RECV
45.9,rsu[0],10.0.1.242,RREQ_SENT
46.415272887819,node[64],10.0.0.9,RREP_RECV
46.526020648195,node[279],10.0.0.9,RREQ_SENT
46.529429625306,node[279],10.0.0.9,RREP_RECV
46.54,rsu[0],10.0.1.242,RREQ_SENT
46.543788959263,node[207],10.0.0.9,RREP_RECV
46.547815827088,node[279],10.0.0.9,RREP_RECV
46.887790930441,node[70],10.0.0.9,RREP_RECV
46.888033417987,node[70],10.0.0.9,RREP_RECV
46.889132978287,node[273],10.0.0.9,RREP_RECV
46.891823885316,node[273],10.0.0.9,RREP_RECV
47.34,rsu[0],10.0.1.242,RREQ_SENT
47.365020539664,node[85],10.0.1.242,RREP_RECV
47.368818980083,node[279],10.0.1.242,RREP_RECV
47.373952702752,node[364],10.0.1.242,RREP_RECV
47.379252032265,node[350],10.0.1.242,RREP_RECV
47.383080057512,node[271],10.0.1.242,RREP_RECV
47.384835534813,node[305],10.0.1.242,RREP_RECV
47.388447284292,node[229],10.0.1.242,RREP_RECV
47.389701307436,rsu[0],10.0.1.242,RREP_RECV
47.49619819781,node[305],10.0.62.13,RERR_SENT
47.505884738188,node[305],10.0.0.9,RREQ_SENT
47.519085185023,node[229],10.0.0.9,RREP_RECV
47.523645594359,node[350],10.0.0.9,RREQ_SENT
47.524025500222,node[305],10.0.0.9,RREP_RECV
47.535789717739,node[279],10.0.98.112,RERR_SENT
47.602646859559,node[6],10.0.0.9,RREQ_SENT
47.843645594359,node[350],10.0.0.9,RREQ_SENT
47.849188877196,node[271],10.0.0.9,RREP_RECV
47.852626179557,node[350],10.0.0.9,RREP_RECV
47.922646859559,node[6],10.0.0.9,RREQ_SENT
47.930350819578,node[151],10.0.0.9,RREP_RECV
47.9315650797,node[224],10.0.0.9,RREP_RECV
47.936466730138,node[49],10.0.0.9,RREP_RECV
47.940161359825,node[6],10.0.0.9,RREP_RECV
48.017993602134,node[224],10.0.13.137,RERR_SENT
48.1,rsu[0],10.0.1.242,RREQ_SENT
48.42,rsu[0],10.0.1.242,RREQ_SENT
48.9,rsu[0],10.0.1.242,RREQ_SENT
49.54,rsu[0],10.0.1.242,RREQ_SENT
49.55720069299,node[85],10.0.1.242,RREP_RECV
49.562669539089,node[273],10.0.1.242,RREP_RECV
49.564413189793,node[71],10.0.1.242,RREP_RECV
49.566060926012,node[265],10.0.1.242,RREP_RECV
49.567068818374,node[400],10.0.1.242,RREP_RECV
49.571821692935,node[130],10.0.1.242,RREP_RECV
49.573064592498,rsu[0],10.0.1.242,RREP_RECV
49.616008604691,node[130],10.0.108.36,RERR_SENT
49.7,rsu[0],10.0.1.242,RREQ_SENT
50.02,rsu[0],10.0.1.242,RREQ_SENT
50.5,rsu[0],10.0.1.242,RREQ_SENT
51.14,rsu[0],10.0.1.242,RREQ_SENT
51.160831734906,node[85],10.0.1.242,RREP_RECV
51.165039426471,node[234],10.0.1.242,RREP_RECV
51.165416236794,node[183],10.0.1.242,RREP_RECV
51.16755768478,node[39],10.0.1.242,RREP_RECV
51.170281194251,node[265],10.0.1.242,RREP_RECV
51.172282180309,node[373],10.0.1.242,RREP_RECV
51.174264156849,node[282],10.0.1.242,RREP_RECV
51.176216341035,rsu[0],10.0.1.242,RREP_RECV
54.014186,rsu[0],10.0.76.86,RERR_SENT
54.1,rsu[0],10.0.1.242,RREQ_SENT
54.42,rsu[0],10.0.1.242,RREQ_SENT
54.9,rsu[0],10.0.1.242,RREQ_SENT
55.54,rsu[0],10.0.1.242,RREQ_SENT
55.555750082625,node[222],10.0.1.242,RREP_RECV
55.560755767872,node[273],10.0.1.242,RREP_RECV
55.565338369019,node[313],10.0.1.242,RREP_RECV
55.569368899904,node[265],10.0.1.242,RREP_RECV
55.574360863431,node[373],10.0.1.242,RREP_RECV
55.576224854873,node[250],10.0.1.242,RREP_RECV
55.578831671133,rsu[0],10.0.1.242,RREP_RECV
55.605295062428,node[250],10.0.100.221,RERR_SENT
55.7,rsu[0],10.0.1.242,RREQ_SENT
56.02,rsu[0],10.0.1.242,RREQ_SENT
56.5,rsu[0],10.0.1.242,RREQ_SENT
57.14,rsu[0],10.0.1.242,RREQ_SENT
57.149152510381,node[222],10.0.1.242,RREP_RECV
57.94,rsu[0],10.0.1.242,RREQ_SENT
57.97241034116,node[105],10.0.1.242,RREP_RECV
57.975758461971,node[71],10.0.1.242,RREP_RECV
57.976745758306,node[265],10.0.1.242,RREP_RECV
57.97764522862,node[250],10.0.1.242,RREP_RECV
57.981662234016,rsu[0],10.0.1.242,RREP_RECV
58.027209929,node[105],10.0.1.242,RREP_RECV
58.028739221488,node[71],10.0.1.242,RREP_RECV
58.030496782851,node[265],10.0.1.242,RREP_RECV
58.05073650717,node[250],10.0.1.242,RREP_RECV
58.056344113975,rsu[0],10.0.1.242,RREP_RECV
58.151488892499,node[70],10.0.1.242,RREP_RECV
58.153520626074,node[265],10.0.1.242,RREP_RECV
58.155258717523,node[250],10.0.1.242,RREP_RECV
58.158171273407,rsu[0],10.0.1.242,RREP_RECV
59.011748326858,node[250],10.0.71.193,RERR_SENT
59.1,rsu[0],10.0.1.242,RREQ_SENT
59.42,rsu[0],10.0.1.242,RREQ_SENT
59.9,rsu[0],10.0.1.242,RREQ_SENT
59.917447633888,node[222],10.0.1.242,RREP_RECV
59.921895380138,node[273],10.0.1.242,RREP_RECV
59.924895406403,node[10],10.0.1.242,RREP_RECV
59.926912272338,node[373],10.0.1.242,RREP_RECV
59.928560545555,node[400],10.0.1.242,RREP_RECV
59.930681154109,rsu[0],10.0.1.242,RREP_RECV
65.011175976164,node[10],10.0.73.233,RERR_SENT
65.1,rsu[0],10.0.1.242,RREQ_SENT
65.42,rsu[0],10.0.1.242,RREQ_SENT
65.9,rsu[0],10.0.1.242,RREQ_SENT
66.427122034382,node[273],10.0.1.242,RREP_RECV
66.429709955164,node[373],10.0.1.242,RREP_RECV
66.430248470355,node[282],10.0.1.242,RREP_RECV
66.432552526848,rsu[0],10.0.1.242,RREP_RECV
72.011429408255,node[282],10.0.100.221,RERR_SENT
72.1,rsu[0],10.0.1.242,RREQ_SENT
72.42,rsu[0],10.0.1.242,RREQ_SENT
72.9,rsu[0],10.0.1.242,RREQ_SENT
73.431322425939,node[258],10.0.1.242,RREP_RECV
73.432386746276,node[373],10.0.1.242,RREP_RECV
73.436360329895,node[250],10.0.1.242,RREP_RECV
73.442076749293,node[376],10.0.1.242,RREP_RECV
73.445285674868,rsu[0],10.0.1.242,RREP_RECV
73.911755646,node[64],10.0.1.242,RREP_RECV
73.921811574072,node[373],10.0.1.242,RREP_RECV
73.926207680007,node[250],10.0.1.242,RREP_RECV
73.928633021941,node[376],10.0.1.242,RREP_RECV
73.930506675182,rsu[0],10.0.1.242,RREP_RECV
76.008895,rsu[0],10.0.101.172,RERR_SENT
76.1,rsu[0],10.0.1.242,RREQ_SENT
76.42,rsu[0],10.0.1.242,RREQ_SENT
76.431633392681,node[373],10.0.1.242,RREP_RECV
76.435669560372,node[197],10.0.1.242,RREP_RECV
76.43958927559,node[282],10.0.1.242,RREP_RECV
76.442977775143,rsu[0],10.0.1.242,RREP_RECV
81.008225221205,node[282],10.0.53.109,RERR_SENT
81.1,rsu[0],10.0.1.242,RREQ_SENT
81.42,rsu[0],10.0.1.242,RREQ_SENT
81.9,rsu[0],10.0.1.242,RREQ_SENT
81.914731679806,node[373],10.0.1.242,RREP_RECV
81.92029763963,node[376],10.0.1.242,RREP_RECV
81.924743461111,node[400],10.0.1.242,RREP_RECV
81.927619887934,rsu[0],10.0.1.242,RREP_RECV
82.024052620817,node[376],10.0.100.221,RERR_SENT
82.1,rsu[0],10.0.1.242,RREQ_SENT
82.42,rsu[0],10.0.1.242,RREQ_SENT
82.9,rsu[0],10.0.1.242,RREQ_SENT
83.54,rsu[0],10.0.1.242,RREQ_SENT
83.914076372035,node[398],10.0.1.242,RREP_RECV
83.914659750103,node[398],10.0.1.242,RREP_RECV
83.915188454083,node[197],10.0.1.242,RREP_RECV
83.915941299179,node[197],10.0.1.242,RREP_RECV
83.916352487067,node[56],10.0.1.242,RREP_RECV
83.920569435399,node[35],10.0.1.242,RREP_RECV
83.920916123949,node[56],10.0.1.242,RREP_RECV
83.924096590551,node[400],10.0.1.242,RREP_RECV
83.925506232303,node[35],10.0.1.242,RREP_RECV
83.926000670265,rsu[0],10.0.1.242,RREP_RECV
83.928004219392,node[400],10.0.1.242,RREP_RECV
83.932666458341,rsu[0],10.0.1.242,RREP_RECV
83.963334491399,node[398],10.0.53.109,RERR_SENT
83.964276466735,node[398],10.0.0.9,RREQ_SENT
83.97501980942,node[6],10.0.0.9,RREQ_SENT
83.976855427745,node[400],10.0.9.195,RERR_SENT
84,rsu[0],10.0.1.242,RREQ_SENT
84.284276466735,node[398],10.0.0.9,RREQ_SENT
84.293963571952,node[327],10.0.0.9,RREP_RECV
84.29501980942,node[6],10.0.0.9,RREQ_SENT
84.296289878476,node[327],10.0.0.9,RREP_RECV
84.296545454084,node[327],10.0.0.9,RREP_RECV
84.296826633998,node[398],10.0.0.9,RREP_RECV
84.298658069836,node[398],10.0.0.9,RREP_RECV
84.299680838553,node[398],10.0.0.9,RREP_RECV
84.31395002358,node[6],10.0.0.9,RREP_RECV
84.32,rsu[0],10.0.1.242,RREQ_SENT
84.8,rsu[0],10.0.1.242,RREQ_SENT
84.811834536974,node[64],10.0.1.242,RREP_RECV
84.81210286288,node[64],10.0.1.242,RREP_RECV
84.814330931636,node[64],10.0.1.242,RREP_RECV
84.814833740939,node[64],10.0.1.242,RREP_RECV
84.815941034578,node[64],10.0.1.242,RREP_RECV
84.816196176624,node[398],10.0.1.242,RREP_RECV
84.816451978721,node[64],10.0.1.242,RREP_RECV
84.816975679803,node[64],10.0.1.242,RREP_RECV
84.817243821849,node[398],10.0.1.242,RREP_RECV
84.817551105941,node[398],10.0.1.242,RREP_RECV
84.817832842406,node[64],10.0.1.242,RREP_RECV
84.818127548486,node[64],10.0.1.242,RREP_RECV
84.818382690532,node[398],10.0.1.242,RREP_RECV
84.818651510859,node[64],10.0.1.242,RREP_RECV
84.818919832819,node[327],10.0.1.242,RREP_RECV
84.819227291477,node[398],10.0.1.242,RREP_RECV
84.819612575569,node[398],10.0.1.242,RREP_RECV
84.819906755483,node[327],10.0.1.242,RREP_RECV
84.820149555577,node[64],10.0.1.242,RREP_RECV
84.820534697623,node[398],10.0.1.242,RREP_RECV
84.820789877537,node[327],10.0.1.242,RREP_RECV
84.821123336195,node[398],10.0.1.242,RREP_RECV
84.821655182341,node[327],10.0.1.242,RREP_RECV
84.822301026821,node[327],10.0.1.242,RREP_RECV
84.822556269147,node[56],10.0.1.242,RREP_RECV
84.823173973687,node[398],10.0.1.242,RREP_RECV
84.823533395927,node[56],10.0.1.242,RREP_RECV
84.823814880579,node[56],10.0.1.242,RREP_RECV
84.824070365231,node[56],10.0.1.242,RREP_RECV
84.824339066174,node[398],10.0.1.242,RREP_RECV
84.824594350266,node[398],10.0.1.242,RREP_RECV
84.824849772506,node[56],10.0.1.242,RREP_RECV
84.825105372868,node[327],10.0.1.242,RREP_RECV
84.825373732696,node[327],10.0.1.242,RREP_RECV
84.826352092524,node[327],10.0.1.242,RREP_RECV
84.826659452352,node[327],10.0.1.242,RREP_RECV
84.82709681218,node[327],10.0.1.242,RREP_RECV
84.827378172008,node[327],10.0.1.242,RREP_RECV
84.827750414334,node[56],10.0.1.242,RREP_RECV
84.828006014696,node[327],10.0.1.242,RREP_RECV
84.828391257022,node[56],10.0.1.242,RREP_RECV
84.828763741674,node[56],10.0.1.242,RREP_RECV
84.829136226326,node[56],10.0.1.242,RREP_RECV
84.829469710978,node[56],10.0.1.242,RREP_RECV
84.82985519563,node[56],10.0.1.242,RREP_RECV
84.830920058859,node[56],10.0.1.242,RREP_RECV
85.289580460242,node[198],10.0.0.9,RREP_RECV
85.29343410396,node[327],10.0.0.9,RREP_RECV
85.297086703245,node[398],10.0.0.9,RREP_RECV
85.300707297969,node[6],10.0.0.9,RREP_RECV
85.44,rsu[0],10.0.1.242,RREQ_SENT
85.44741408701,node[281],10.0.1.242,RREP_RECV
85.448644424966,node[197],10.0.1.242,RREP_RECV
85.451369621649,node[197],10.0.1.242,RREP_RECV
85.453340857319,node[373],10.0.1.242,RREP_RECV
85.4559608743,node[373],10.0.1.242,RREP_RECV
85.456940582757,node[373],10.0.1.242,RREP_RECV
85.460099328361,node[232],10.0.1.242,RREP_RECV
85.460393693856,node[197],10.0.1.242,RREP_RECV
85.460600274481,node[232],10.0.1.242,RREP_RECV
85.461137480662,node[373],10.0.1.242,RREP_RECV
85.461431716413,node[197],10.0.1.242,RREP_RECV
85.461765187915,node[197],10.0.1.242,RREP_RECV
85.462645763805,node[232],10.0.1.242,RREP_RECV
85.464192882379,node[234],10.0.1.242,RREP_RECV
85.46450047681,node[197],10.0.1.242,RREP_RECV
85.464807968686,node[373],10.0.1.242,RREP_RECV
85.465193739079,node[232],10.0.1.242,RREP_RECV
85.465461868823,node[373],10.0.1.242,RREP_RECV
85.465717128311,node[373],10.0.1.242,RREP_RECV
85.466271873529,node[234],10.0.1.242,RREP_RECV
85.466865954727,node[197],10.0.1.242,RREP_RECV
85.467098564423,node[234],10.0.1.242,RREP_RECV
85.467770183619,node[234],10.0.1.242,RREP_RECV
85.468776539536,node[234],10.0.1.242,RREP_RECV
85.469358395411,node[234],10.0.1.242,RREP_RECV
85.469613941871,node[234],10.0.1.242,RREP_RECV
85.469908539091,node[234],10.0.1.242,RREP_RECV
85.470254938952,node[373],10.0.1.242,RREP_RECV
85.470900656312,node[373],10.0.1.242,RREP_RECV
85.471155892063,node[197],10.0.1.242,RREP_RECV
85.471398834192,node[373],10.0.1.242,RREP_RECV
85.471771069943,node[197],10.0.1.242,RREP_RECV
85.472066012072,node[373],10.0.1.242,RREP_RECV
85.472386247823,node[197],10.0.1.242,RREP_RECV
85.472694189952,node[373],10.0.1.242,RREP_RECV
85.472988907312,node[373],10.0.1.242,RREP_RECV
85.473322624672,node[373],10.0.1.242,RREP_RECV
85.473577860423,node[197],10.0.1.242,RREP_RECV
85.473924802552,node[373],10.0.1.242,RREP_RECV
85.47466538345,node[373],10.0.1.242,RREP_RECV
85.475102619201,node[197],10.0.1.242,RREP_RECV
85.475527090703,node[197],10.0.1.242,RREP_RECV
85.475912562205,node[197],10.0.1.242,RREP_RECV
85.476272033707,node[197],10.0.1.242,RREP_RECV
85.476618505209,node[197],10.0.1.242,RREP_RECV
85.47722996841,node[197],10.0.1.242,RREP_RECV
85.478723138984,node[197],10.0.1.242,RREP_RECV
86.24,rsu[0],10.0.1.242,RREQ_SENT
86.242330896491,node[400],10.0.1.242,RREP_RECV
86.246283203113,rsu[0],10.0.1.242,RREP_RECV
86.250357304198,node[250],10.0.1.242,RREP_RECV
86.251324266597,node[250],10.0.1.242,RREP_RECV
86.253061253703,node[376],10.0.1.242,RREP_RECV
86.253726871791,node[376],10.0.1.242,RREP_RECV
86.254086191005,node[7],10.0.1.242,RREP_RECV
86.254887962692,node[376],10.0.1.242,RREP_RECV
86.256173090083,node[282],10.0.1.242,RREP_RECV
86.259295664286,rsu[0],10.0.1.242,RREP_RECV
86.259817698887,node[282],10.0.1.242,RREP_RECV
86.260635363721,node[282],10.0.1.242,RREP_RECV
86.262060234408,rsu[0],10.0.1.242,RREP_RECV
86.263595172625,rsu[0],10.0.1.242,RREP_RECV
86.267766005919,node[400],10.0.1.242,RREP_RECV
86.271804151718,rsu[0],10.0.1.242,RREP_RECV
86.283016776731,node[281],10.0.15.108,RERR_SENT
86.452133802385,node[376],10.0.1.242,RREP_RECV
86.452577855255,node[376],10.0.1.242,RREP_RECV
86.453383394214,node[373],10.0.1.242,RREP_RECV
86.453625837242,node[376],10.0.1.242,RREP_RECV
86.454207138937,node[376],10.0.1.242,RREP_RECV
86.45446297352,node[373],10.0.1.242,RREP_RECV
86.454744759317,node[282],10.0.1.242,RREP_RECV
86.455016149257,node[250],10.0.1.242,RREP_RECV
86.455284415325,node[376],10.0.1.242,RREP_RECV
86.455552829863,node[376],10.0.1.242,RREP_RECV
86.455808173709,node[282],10.0.1.242,RREP_RECV
86.456102894139,node[376],10.0.1.242,RREP_RECV
86.456345459379,rsu[0],10.0.1.242,RREP_RECV
86.456614322254,node[282],10.0.1.242,RREP_RECV
86.456974042684,node[376],10.0.1.242,RREP_RECV
86.457216457222,node[376],10.0.1.242,RREP_RECV
86.45745887176,node[376],10.0.1.242,RREP_RECV
86.457766215606,node[282],10.0.1.242,RREP_RECV
86.458011605546,node[250],10.0.1.242,RREP_RECV
86.458266871614,node[376],10.0.1.242,RREP_RECV
86.45857418662,node[376],10.0.1.242,RREP_RECV
86.458842601158,node[376],10.0.1.242,RREP_RECV
86.459124166398,rsu[0],10.0.1.242,RREP_RECV
86.459393014879,node[376],10.0.1.242,RREP_RECV
86.459648358725,node[282],10.0.1.242,RREP_RECV
86.460383088188,node[376],10.0.1.242,RREP_RECV
86.460934204115,node[376],10.0.1.242,RREP_RECV
86.461241769355,rsu[0],10.0.1.242,RREP_RECV
86.46151063223,node[282],10.0.1.242,RREP_RECV
86.461765853624,rsu[0],10.0.1.242,RREP_RECV
86.462060296412,rsu[0],10.0.1.242,RREP_RECV
86.462342144893,node[376],10.0.1.242,RREP_RECV
86.462597488739,node[282],10.0.1.242,RREP_RECV
86.462878710133,rsu[0],10.0.1.242,RREP_RECV
86.463173573008,node[282],10.0.1.242,RREP_RECV
86.463468293438,node[376],10.0.1.242,RREP_RECV
86.463762707976,node[376],10.0.1.242,RREP_RECV
86.464005122514,node[376],10.0.1.242,RREP_RECV
86.46429946636,node[282],10.0.1.242,RREP_RECV
86.464567687754,rsu[0],10.0.1.242,RREP_RECV
86.464823536235,node[376],10.0.1.242,RREP_RECV
86.465169880081,node[282],10.0.1.242,RREP_RECV
86.465477567773,node[282],10.0.1.242,RREP_RECV
86.465772255465,node[282],10.0.1.242,RREP_RECV
86.466066943157,node[282],10.0.1.242,RREP_RECV
86.466413630849,node[282],10.0.1.242,RREP_RECV
86.466734318541,node[282],10.0.1.242,RREP_RECV
86.467028539935,rsu[0],10.0.1.242,RREP_RECV
86.46785140281,node[282],10.0.1.242,RREP_RECV
86.468132624204,rsu[0],10.0.1.242,RREP_RECV
86.468440487079,node[282],10.0.1.242,RREP_RECV
86.468708708473,rsu[0],10.0.1.242,RREP_RECV
86.469055571348,node[282],10.0.1.242,RREP_RECV
86.469310792742,rsu[0],10.0.1.242,RREP_RECV
86.46964423553,rsu[0],10.0.1.242,RREP_RECV
86.469899678318,rsu[0],10.0.1.242,RREP_RECV
86.470155541193,node[282],10.0.1.242,RREP_RECV
86.470436762587,rsu[0],10.0.1.242,RREP_RECV
86.470731205375,rsu[0],10.0.1.242,RREP_RECV
86.47102606825,node[282],10.0.1.242,RREP_RECV
86.471398289644,rsu[0],10.0.1.242,RREP_RECV
86.471654152519,node[282],10.0.1.242,RREP_RECV
86.472146852399,rsu[0],10.0.1.242,RREP_RECV
86.472886536542,rsu[0],10.0.1.242,RREP_RECV
86.47340595831,rsu[0],10.0.1.242,RREP_RECV
86.473817401098,rsu[0],10.0.1.242,RREP_RECV
86.474150843886,rsu[0],10.0.1.242,RREP_RECV
87.248898771191,node[250],10.0.1.242,RREP_RECV
87.250335156689,node[376],10.0.1.242,RREP_RECV
87.254915691254,node[282],10.0.1.242,RREP_RECV
87.257873068354,rsu[0],10.0.1.242,RREP_RECV
87.3417081468,node[338],10.0.1.242,RREP_RECV
87.345679411966,rsu[0],10.0.1.242,RREP_RECV
88.018560230568,node[282],10.0.101.172,RERR_SENT
88.1,rsu[0],10.0.1.242,RREQ_SENT
88.42,rsu[0],10.0.1.242,RREQ_SENT
88.9,rsu[0],10.0.1.242,RREQ_SENT
88.912101848189,node[258],10.0.1.242,RREP_RECV
88.91721285657,node[327],10.0.1.242,RREP_RECV
88.922161085444,node[56],10.0.1.242,RREP_RECV
88.925161732355,node[386],10.0.1.242,RREP_RECV
88.930165422771,node[338],10.0.1.242,RREP_RECV
88.935055999047,rsu[0],10.0.1.242,RREP_RECV
